state,county_id,county_name,latitude,longitude,pga_2pct_50yr_g,pga_10pct_50yr_g,nehrp_site_class,seismic_design_category,fault_distance_km,expected_annual_loss_usd,liquefaction_susceptibility,landslide_susceptibility,insurance_mandatory,avg_deductible_pct
California,CA001,California County 1,37.01422729187326,-118.28816996694862,2.3757,1.0691,D,E,135.9,2937816.5,None,Low,1,20.1
California,CA002,California County 2,35.37906250491713,-119.85013882191352,2.1358,0.9611,C,E,41.6,1932103.25,Moderate,None,1,19.6
California,CA003,California County 3,38.552474895756305,-118.14128299689126,2.0856,0.9385,C,E,36.3,2195762.66,High,None,1,19.4
California,CA004,California County 4,38.22579008734485,-121.37317483623514,2.1204,0.9542,D,E,21.6,2424999.85,Moderate,None,1,19.3
California,CA005,California County 5,39.33303829675836,-121.75109018188206,1.5417,0.6938,D,E,76.4,805747.31,Very High,Low,1,13.8
California,CA006,California County 6,37.22608392980668,-116.69189138989297,2.3105,1.0397,C,E,5.7,2157362.58,Moderate,Low,1,19.8
California,CA007,California County 7,36.11670750189042,-122.08286278893347,1.4551,0.6548,B,D,46.8,784527.92,Low,None,1,14.3
California,CA008,California County 8,35.02735748692334,-121.11239090871645,1.9772,0.8897,D,E,107.4,1211810.4,None,Low,1,16.5
California,CA009,California County 9,35.77447370418829,-118.69129870790333,2.3796,1.0708,C,E,32.0,1852305.66,Moderate,None,1,21.8
California,CA010,California County 10,38.20234250652279,-120.5476062393702,2.4331,1.0949,D,E,73.5,3016376.53,Moderate,Low,1,21.5
California,CA011,California County 11,35.413137975694966,-119.18226144351769,2.4729,1.1128,C,E,3.4,1843813.18,Moderate,High,1,21.9
California,CA012,California County 12,38.64104882005139,-118.57854928490842,2.2487,1.0119,C,E,1.7,1659583.3,Low,High,1,20.1
California,CA013,California County 13,35.21438826991617,-118.06744934594843,2.4401,1.0981,D,E,4.5,2837906.58,None,Low,1,22.0
California,CA014,California County 14,33.865564463051754,-117.30199262613198,2.4952,1.1228,D,E,6.8,2720070.83,High,None,1,21.8
California,CA015,California County 15,34.43096459672541,-118.29964702611332,2.326,1.0467,E,E,8.7,1646718.56,High,None,1,21.3
California,CA016,California County 16,38.15476867617897,-119.57182958591365,1.6898,0.7604,C,E,124.3,1132285.45,High,None,1,16.4
California,CA017,California County 17,35.3348063803502,-122.22733232596941,2.3282,1.0477,B,E,60.5,2763580.22,Low,Moderate,1,21.0
California,CA018,California County 18,38.83358186755302,-116.77611858861546,2.2398,1.0079,C,E,32.9,2259688.22,High,Moderate,1,19.2
California,CA019,California County 19,36.71667762660105,-117.03396444617891,2.1328,0.9598,D,E,85.3,2210451.48,High,None,1,19.1
California,CA020,California County 20,35.11079695789752,-122.22679195185175,2.4066,1.083,C,E,1.7,2420024.69,Moderate,High,1,21.4
California,CA021,California County 21,37.78881950263745,-117.00472702902533,2.3117,1.0403,B,E,29.7,1590702.94,High,Low,1,21.4
California,CA022,California County 22,35.83250003661222,-119.34663381430595,2.441,1.0985,C,E,18.1,2891727.48,Low,None,1,22.4
California,CA023,California County 23,39.59905521471761,-121.80685853741494,1.0291,0.4631,D,D,15.4,655593.96,None,Moderate,1,9.3
California,CA024,California County 24,38.56139152539983,-119.92103226016712,2.3041,1.0368,C,E,49.0,2135066.18,Moderate,Low,1,20.7
California,CA025,California County 25,38.66330759107327,-118.52236858088665,2.2928,1.0318,D,E,62.9,2075537.14,High,Moderate,1,21.1
California,CA026,California County 26,37.11197409104668,-118.10087201670734,2.1985,0.9893,A,E,62.9,1920326.4,High,None,1,18.3
California,CA027,California County 27,38.61614086205971,-122.37356625904708,2.3958,1.0781,C,E,5.2,2914052.2,Low,Low,1,20.3
California,CA028,California County 28,38.69429534533464,-117.41192066457032,2.386,1.0737,C,E,4.5,2612483.57,Low,None,1,20.8
California,CA029,California County 29,38.71115784138252,-118.79041414466374,2.3995,1.0798,C,E,53.2,1852054.83,High,Moderate,1,22.2
California,CA030,California County 30,35.95424911611561,-117.69902482115654,2.4582,1.1062,B,E,109.3,2281656.6,None,Low,1,21.3
California,CA031,California County 31,35.44319144760502,-120.63973527944835,1.864,0.8388,B,E,36.7,1294032.0,Low,High,1,16.9
California,CA032,California County 32,38.59962736320874,-118.16255607010044,2.3187,1.0434,C,E,47.0,1620129.83,Very High,Moderate,1,20.4
California,CA033,California County 33,37.12561158882992,-120.88935713038806,2.1296,0.9583,D,E,3.2,2165355.51,Low,None,1,18.6
California,CA034,California County 34,37.063559847689774,-119.16206049213145,2.3571,1.0607,C,E,32.4,2715178.52,High,None,1,21.6
California,CA035,California County 35,39.598136865346476,-119.77253799392514,2.2198,0.9989,B,E,25.7,2340875.53,High,Moderate,1,19.0
California,CA036,California County 36,34.88526935330093,-120.64552948745623,2.3831,1.0724,C,E,21.8,1776258.1,None,High,1,20.4
California,CA037,California County 37,35.06680535143183,-117.83838238838645,2.3472,1.0562,B,E,8.6,2792083.26,Low,Moderate,1,21.2
California,CA038,California County 38,38.16453670867703,-117.19406050528741,2.4141,1.0864,A,E,82.4,2910722.83,Moderate,High,1,21.2
California,CA039,California County 39,38.971747955439916,-120.41735281096805,1.702,0.7659,D,E,24.7,1163465.14,High,None,1,15.7
California,CA040,California County 40,37.58257003998808,-120.18820320540527,1.9433,0.8745,B,E,22.9,2081920.35,Very High,High,1,17.1
California,CA041,California County 41,35.8629896187343,-120.42104568777098,2.094,0.9423,C,E,106.4,1727390.26,High,High,1,18.6
California,CA042,California County 42,34.8964479073591,-121.66585996873904,2.2403,1.0081,D,E,0.2,2638059.25,High,Low,1,19.0
California,CA043,California County 43,35.64931909844956,-121.86454639448351,2.1342,0.9604,D,E,1.1,2450473.67,Low,None,1,19.4
California,CA044,California County 44,39.45338778619736,-120.39058991869837,2.2922,1.0315,E,E,8.3,1956699.02,High,High,1,20.1
California,CA045,California County 45,38.25337680398739,-116.92429609729903,1.1261,0.5068,B,D,14.8,535176.0,High,High,1,10.3
California,CA046,California County 46,35.350621752338704,-116.8117359434973,2.1287,0.9579,C,E,42.7,2204235.04,Moderate,High,1,18.6
California,CA047,California County 47,39.16892732412212,-121.7500905586617,2.1082,0.9487,C,E,84.5,2125590.56,None,Low,1,18.9
California,CA048,California County 48,37.351929999070926,-121.97970223472673,2.3302,1.0486,B,E,23.0,2645399.5,High,None,1,19.9
California,CA049,California County 49,35.895651005131064,-119.96993947037257,2.4984,1.1243,C,E,6.3,3270804.02,Low,None,1,21.8
California,CA050,California County 50,39.1808031712156,-119.67947618148835,1.5727,0.7077,C,E,32.6,1366919.87,Low,Moderate,1,14.5
California,CA051,California County 51,35.744541487059024,-117.57365448028446,2.4265,1.0919,A,E,71.3,1873119.83,Moderate,Low,1,21.9
California,CA052,California County 52,34.68238450942738,-117.4499087503633,2.4498,1.1024,B,E,12.7,2334170.2,None,None,1,23.4
California,CA053,California County 53,35.57641074364146,-121.50458301107173,2.3927,1.0767,C,E,277.0,2675263.09,None,High,1,20.8
California,CA054,California County 54,38.693616115669904,-118.89156734585268,2.3141,1.0413,C,E,17.6,2501376.36,Moderate,None,1,20.6
California,CA055,California County 55,39.084944337207254,-119.81845265986706,1.6325,0.7346,B,E,4.4,1251123.64,Low,None,1,14.9
California,CA056,California County 56,37.88193297853949,-119.36637689997765,2.4632,1.1084,B,E,79.0,2050094.46,High,Low,1,21.1
California,CA057,California County 57,36.22220313881034,-116.80337788480412,2.4978,1.124,C,E,4.5,2051360.0,Very High,Low,1,22.5
California,CA058,California County 58,38.45800525390971,-119.67422171597059,2.3144,1.0415,D,E,133.5,1685683.71,Very High,None,1,19.2
Alaska,AL001,Alaska County 1,66.54717197899103,-151.78356164244633,2.2631,1.0184,B,E,0.6,1592408.1,Moderate,High,1,20.1
Alaska,AL002,Alaska County 2,62.85528792322973,-155.78998037768397,1.9779,0.8901,C,E,30.8,2086224.66,None,High,1,17.4
Alaska,AL003,Alaska County 3,63.42100386943899,-150.96764576605773,2.1702,0.9766,C,E,52.9,1583266.21,Low,Moderate,1,19.6
Alaska,AL004,Alaska County 4,61.53350999209588,-154.63898670807998,2.0933,0.942,C,E,15.7,1580733.99,Low,Low,1,18.3
Alaska,AL005,Alaska County 5,64.63826504081274,-151.0276230927075,2.4329,1.0948,A,E,20.7,2910506.88,Moderate,Moderate,1,21.5
Washington,WA001,Washington County 1,48.29897816618552,-120.68181240942172,1.5802,0.7111,C,E,10.1,828730.65,High,Low,1,13.9
Washington,WA002,Washington County 2,47.45372653288517,-119.2497461791452,2.3163,1.0423,A,E,71.7,2470613.98,Low,Moderate,1,21.1
Washington,WA003,Washington County 3,45.98328372358256,-118.48244626232425,2.1755,0.979,C,E,49.7,2111420.22,None,None,1,18.6
Washington,WA004,Washington County 4,49.386530933755346,-118.62989661068688,2.1458,0.9656,B,E,3.9,1485333.58,Moderate,Low,1,19.2
Washington,WA005,Washington County 5,48.98773714587749,-117.60137166577385,2.2421,1.0089,C,E,84.3,2068589.12,None,Moderate,1,20.3
Washington,WA006,Washington County 6,44.97310407905074,-121.64662693956791,1.62,0.729,C,E,64.3,1548921.78,Low,Low,1,14.9
Washington,WA007,Washington County 7,46.73402899073452,-123.4826076180046,1.8671,0.8402,C,E,13.0,1113246.46,High,Moderate,1,17.2
Washington,WA008,Washington County 8,45.06255135988177,-117.73338714864346,1.5005,0.6752,D,E,36.5,999210.27,Low,None,1,14.0
Washington,WA009,Washington County 9,48.59865228868604,-118.24332683064227,1.3311,0.599,C,D,85.9,738515.04,Moderate,None,1,13.0
Washington,WA010,Washington County 10,47.198082558124604,-123.31649471437493,2.1283,0.9577,B,E,27.2,1758011.92,Low,Low,1,19.1
Washington,WA011,Washington County 11,50.09828549232304,-120.69271839648039,1.8055,0.8125,C,E,74.8,1226714.79,None,Low,1,16.6
Washington,WA012,Washington County 12,47.82452746708889,-122.61690312931204,1.7255,0.7765,D,E,2.2,1599870.13,Low,Moderate,1,15.7
Washington,WA013,Washington County 13,50.140733824119245,-122.41114286791598,1.8755,0.844,D,E,4.0,1633888.25,None,None,1,17.5
Washington,WA014,Washington County 14,44.96022680997145,-122.12425162560481,1.9883,0.8948,C,E,2.8,1544632.49,Moderate,Low,1,18.6
Washington,WA015,Washington County 15,45.26673910393335,-122.20073739121547,1.7401,0.783,C,E,48.9,986320.42,Low,None,1,16.6
Washington,WA016,Washington County 16,46.79064369833254,-119.40488465573999,1.9887,0.8949,B,E,57.7,1978910.15,Moderate,Moderate,1,17.6
Washington,WA017,Washington County 17,48.610222043441794,-119.98169863392545,2.2958,1.0331,D,E,33.2,1824511.38,Very High,Low,1,20.0
Washington,WA018,Washington County 18,50.39617582373711,-123.0738155087041,1.727,0.7772,C,E,164.5,993247.65,Moderate,Moderate,1,15.9
Washington,WA019,Washington County 19,49.12588544293865,-118.20398524014225,1.8979,0.8541,B,E,20.4,1614329.01,None,Low,1,16.5
Washington,WA020,Washington County 20,47.49873595590348,-120.50843793963853,2.2607,1.0173,E,E,84.8,2206719.68,Low,High,1,19.8
Washington,WA021,Washington County 21,49.18521224874735,-121.51365122183726,2.0168,0.9075,D,E,55.1,1434772.81,Moderate,Low,1,19.1
Washington,WA022,Washington County 22,46.72702542991413,-123.15567948600226,1.9176,0.8629,C,E,97.0,1763279.51,Moderate,None,1,17.1
Washington,WA023,Washington County 23,45.700299918924806,-122.29643920914559,2.2082,0.9937,D,E,8.4,2203474.23,Moderate,Moderate,1,19.7
Washington,WA024,Washington County 24,46.89456575754408,-120.41795126656756,1.7254,0.7764,D,E,23.6,1023420.97,Low,High,1,15.8
Washington,WA025,Washington County 25,46.342564733407215,-120.06420511271327,1.9953,0.8979,C,E,22.2,1612854.03,Moderate,Low,1,17.3
Washington,WA026,Washington County 26,47.61146666875687,-123.17182545166692,2.1033,0.9465,D,E,116.3,1790355.61,High,None,1,19.4
Washington,WA027,Washington County 27,48.11382391218799,-118.47718370197973,2.1889,0.985,E,E,7.9,2632592.65,High,None,1,19.2
Washington,WA028,Washington County 28,49.49517615179842,-121.120311182866,1.2856,0.5785,E,D,29.4,987468.64,Low,Low,1,12.7
Washington,WA029,Washington County 29,49.61193491119033,-118.94769438504596,2.0106,0.9047,C,E,78.4,1591367.2,Very High,Moderate,1,17.5
Washington,WA030,Washington County 30,46.20084184664576,-120.92176094900475,2.2774,1.0248,D,E,64.2,2557854.4,Moderate,Moderate,1,20.4
Washington,WA031,Washington County 31,48.745990819304765,-122.11414006634104,2.3652,1.0643,C,E,14.8,1655301.69,High,Low,1,20.5
Washington,WA032,Washington County 32,46.472894163101,-117.537676588827,2.1316,0.9592,B,E,40.9,2124524.76,Low,None,1,19.0
Washington,WA033,Washington County 33,48.83335477493491,-120.0960595369639,2.2469,1.0111,B,E,83.0,2149298.7,Low,High,1,19.7
Washington,WA034,Washington County 34,47.2497135221018,-121.8841936118734,2.2045,0.992,C,E,66.5,1622651.79,Moderate,Low,1,19.2
Washington,WA035,Washington County 35,46.55260228939089,-122.66353630265274,2.3941,1.0773,D,E,107.9,1884442.33,None,High,1,22.2
Washington,WA036,Washington County 36,50.101086811180444,-119.73892043760118,2.0565,0.9254,C,E,6.8,1512350.94,Low,Moderate,1,18.2
Washington,WA037,Washington County 37,50.27114650039077,-120.55116744790298,1.8094,0.8142,B,E,159.2,1081075.62,High,Low,1,16.2
Washington,WA038,Washington County 38,49.052422264138606,-119.84197776364991,2.1046,0.9471,B,E,61.8,1569110.64,Low,Moderate,1,17.9
Oregon,OR001,Oregon County 1,46.966894832984565,-120.82729404950712,1.7463,0.7858,C,E,36.4,1638525.84,Moderate,None,1,16.0
Oregon,OR002,Oregon County 2,43.7311173001258,-120.33622655876647,1.4935,0.6721,D,D,28.9,843188.45,Moderate,Moderate,1,15.1
Oregon,OR003,Oregon County 3,43.15998573009295,-119.92205113475919,1.3342,0.6004,C,D,17.4,646310.44,None,Low,1,12.2
Oregon,OR004,Oregon County 4,46.1578859622296,-118.93723514434915,1.3251,0.5963,B,D,294.6,809483.79,Low,High,1,12.9
Oregon,OR005,Oregon County 5,44.2111372607094,-118.0763673961562,2.2322,1.0045,A,E,42.0,1763232.75,Low,High,1,20.3
Oregon,OR006,Oregon County 6,41.284451471833755,-121.01236062122027,2.4137,1.0862,B,E,89.8,2184789.98,Moderate,None,1,21.2
Oregon,OR007,Oregon County 7,45.91385361121389,-121.07356521358098,1.8502,0.8326,A,E,73.1,1852727.44,Moderate,None,1,17.5
Oregon,OR008,Oregon County 8,41.780738830209415,-118.83207344285324,1.7435,0.7846,C,E,14.1,1767957.25,None,Moderate,1,16.2
Oregon,OR009,Oregon County 9,41.31878385399331,-121.99293096637857,2.2822,1.027,B,E,294.6,2533303.47,None,None,1,20.1
Oregon,OR010,Oregon County 10,41.78687507360408,-118.85967486215003,1.6996,0.7648,B,E,19.4,1419208.79,Low,High,1,15.2
Oregon,OR011,Oregon County 11,43.686132953347425,-121.97687543600357,1.1691,0.5261,D,D,24.5,539201.11,Low,None,1,11.0
Oregon,OR012,Oregon County 12,43.870475785124476,-122.94106126893313,1.3331,0.5999,D,D,4.4,803880.54,Low,Low,1,12.0
Oregon,OR013,Oregon County 13,41.452469894134694,-122.47698869912298,1.4405,0.6482,B,D,47.6,1012550.84,Low,Low,1,13.3
Oregon,OR014,Oregon County 14,43.36701787777315,-119.75017735422499,1.9114,0.8601,D,E,4.5,1327878.52,Low,Low,1,17.6
Oregon,OR015,Oregon County 15,43.62689093736589,-122.31028930994736,1.1242,0.5059,D,D,33.0,497230.24,Moderate,None,1,10.4
Oregon,OR016,Oregon County 16,42.81330494574677,-119.04882911229085,1.5784,0.7103,B,E,18.4,1319059.88,Moderate,Low,1,15.4
Oregon,OR017,Oregon County 17,45.509630313894235,-123.26398934008782,1.0006,0.4503,D,D,18.7,412831.66,Very High,None,1,10.6
Oregon,OR018,Oregon County 18,41.73677303787255,-121.32603515642467,2.0733,0.933,C,E,181.7,1396838.49,Very High,Moderate,1,18.7
Oregon,OR019,Oregon County 19,43.51679538314798,-121.71702330617867,0.6959,0.3131,D,C,124.8,317700.98,None,Moderate,1,8.4
Oregon,OR020,Oregon County 20,44.114548341267025,-118.60656014460177,1.8328,0.8248,B,E,1.0,1692422.45,High,Moderate,1,16.8
Oregon,OR021,Oregon County 21,41.16573863060068,-121.22987229753282,0.8988,0.4045,A,C,26.8,495985.38,Moderate,None,1,8.8
Nevada,NE001,Nevada County 1,35.76152987910564,-115.41347923950372,1.8909,0.8509,B,E,46.4,1417521.93,High,None,1,17.3
Nevada,NE002,Nevada County 2,41.10623300846787,-115.5914109337271,1.377,0.6197,C,D,11.5,654626.35,High,None,1,13.2
Nevada,NE003,Nevada County 3,36.31916112248108,-118.04872416279512,0.9191,0.4136,C,C,128.1,494586.3,Low,Moderate,1,9.0
Nevada,NE004,Nevada County 4,35.981429911557825,-118.12723254210974,1.5675,0.7054,D,E,78.3,980651.57,Moderate,None,1,14.1
Nevada,NE005,Nevada County 5,37.903059436182495,-119.71603326457752,1.0831,0.4874,B,D,0.7,701454.6,Low,Moderate,1,11.3
Nevada,NE006,Nevada County 6,37.64697481037255,-117.90232364614376,1.061,0.4775,B,D,5.4,608906.92,High,Low,1,11.4
Nevada,NE007,Nevada County 7,40.86373466729864,-116.8467459090281,2.1119,0.9504,D,E,6.6,1827095.07,High,Low,1,18.4
Nevada,NE008,Nevada County 8,40.395096672167455,-118.76407425637964,0.9168,0.4126,C,C,158.7,311226.89,Moderate,None,1,9.0
Nevada,NE009,Nevada County 9,40.810018145260216,-116.97260977656391,1.2295,0.5533,C,D,19.0,858275.92,High,None,1,10.8
Nevada,NE010,Nevada County 10,35.82856736108334,-117.84393214388567,1.8461,0.8307,C,E,73.6,1484859.18,None,Moderate,1,17.2
Nevada,NE011,Nevada County 11,35.63854310346587,-115.3562727051083,1.6066,0.723,D,E,14.6,1133965.2,Low,None,1,16.0
Nevada,NE012,Nevada County 12,39.99545866920366,-116.55584175004304,1.6178,0.728,C,E,15.3,1367621.13,None,High,1,15.0
Nevada,NE013,Nevada County 13,39.02139272809132,-118.72983224080905,2.1801,0.9811,C,E,40.7,2274683.59,Low,Low,1,20.0
Nevada,NE014,Nevada County 14,37.91759749255766,-116.91890537170708,0.9952,0.4478,C,C,13.9,351548.44,Moderate,Low,1,9.3
Nevada,NE015,Nevada County 15,35.59235278939461,-117.3064284359911,1.2643,0.5689,D,D,44.8,579912.46,Moderate,Low,1,12.0
Utah,UT001,Utah County 1,37.70400186424546,-109.091677633708,1.6332,0.7349,B,E,113.3,1489155.15,High,None,1,15.5
Utah,UT002,Utah County 2,36.32604246450562,-110.10886512278111,1.5108,0.6799,A,E,9.6,934297.44,High,Low,1,14.3
Utah,UT003,Utah County 3,39.378483033112566,-110.80455792774139,0.8996,0.4048,D,C,37.6,426027.23,Moderate,None,1,9.5
Utah,UT004,Utah County 4,37.193546887229,-109.98042699853411,1.6225,0.7301,B,E,84.3,1201825.31,Low,Low,1,14.0
Utah,UT005,Utah County 5,37.40840501234686,-112.63657016488166,1.4953,0.6729,B,D,96.9,1044441.94,None,High,1,14.3
Utah,UT006,Utah County 6,37.511718375424145,-108.98011672597276,1.5641,0.7038,C,E,22.2,1192577.49,None,Moderate,1,15.0
Utah,UT007,Utah County 7,39.727534753909524,-114.04164559026276,0.7785,0.3503,B,C,3.4,339369.5,Moderate,None,1,8.4
Utah,UT008,Utah County 8,39.14338277063692,-111.31898037942491,1.1746,0.5286,C,D,274.5,792598.39,Moderate,None,1,11.3
Utah,UT009,Utah County 9,39.06344785400505,-111.91077238724088,1.4545,0.6545,A,D,254.0,1201121.27,Moderate,Moderate,1,12.7
Utah,UT010,Utah County 10,39.108679812072054,-112.09325682064127,1.0708,0.4819,C,D,50.9,691109.11,Low,High,1,10.2
Utah,UT011,Utah County 11,36.7725707241361,-113.68061192477845,0.772,0.3474,C,C,7.2,267152.07,Very High,Moderate,1,8.2
Utah,UT012,Utah County 12,38.755221106382656,-113.32052122438273,1.4645,0.659,D,D,167.2,824922.91,None,None,1,13.4
Utah,UT013,Utah County 13,37.766192724540595,-109.41714946352893,1.5967,0.7185,B,E,52.4,1463661.62,Low,Moderate,1,14.2
Utah,UT014,Utah County 14,42.183868565022806,-108.96761418907789,1.7622,0.793,B,E,18.2,1632476.35,None,Low,1,16.2
Utah,UT015,Utah County 15,40.721903983371625,-111.18401163243536,1.2615,0.5677,C,D,47.5,976535.71,Moderate,None,1,12.6
Utah,UT016,Utah County 16,36.98071782253466,-108.39015972612356,0.6624,0.2981,B,C,41.1,188895.35,None,None,1,7.0
Idaho,ID001,Idaho County 1,43.048254936414814,-112.26771211093916,1.9259,0.8666,C,E,134.8,1978637.94,None,High,1,17.5
Idaho,ID002,Idaho County 2,45.49524994359605,-116.45062758826408,1.4827,0.6672,C,D,45.1,744169.87,Low,Moderate,1,14.9
Idaho,ID003,Idaho County 3,45.2645771680283,-115.21520026066999,0.9776,0.4399,C,C,95.9,621979.75,Very High,High,1,9.8
Idaho,ID004,Idaho County 4,45.996135037198634,-112.28155787446234,1.5719,0.7073,E,E,34.6,1112497.91,Low,None,1,14.4
Idaho,ID005,Idaho County 5,42.664772988314404,-114.56749681946074,1.9857,0.8936,C,E,106.7,1791954.23,Low,None,1,17.5
Idaho,ID006,Idaho County 6,45.87209771724529,-117.23393575214077,1.2693,0.5712,E,D,2.1,539474.22,Very High,None,1,12.4
Idaho,ID007,Idaho County 7,42.52636454097422,-113.60757770669088,1.7423,0.784,C,E,33.4,1400825.24,High,None,1,15.2
Idaho,ID008,Idaho County 8,44.08725388219646,-112.88788566131632,1.5371,0.6917,D,E,34.5,1211890.24,Low,Low,1,14.7
Idaho,ID009,Idaho County 9,46.05115367871101,-114.1580189562095,0.9853,0.4434,C,C,52.5,602889.87,Low,Moderate,1,9.4
Montana,MO001,Montana County 1,45.327214306391674,-107.60746159103626,0.501,0.2255,C,C,87.9,102856.27,None,Low,0,6.4
Montana,MO002,Montana County 2,48.21398989066243,-109.22109593737171,1.2861,0.5787,D,D,28.6,665733.45,Low,None,1,12.8
Montana,MO003,Montana County 3,49.34026279363302,-108.44587229780308,0.9545,0.4295,B,C,103.9,359751.31,Low,None,1,9.3
Montana,MO004,Montana County 4,48.63706092847488,-107.92522053332534,1.3316,0.5992,D,D,10.8,866214.0,None,None,1,13.5
Montana,MO005,Montana County 5,45.57005385920326,-109.88491185987183,1.2694,0.5712,C,D,54.2,581564.77,None,None,1,11.9
Wyoming,WY001,Wyoming County 1,44.049777026375196,-107.75509127750148,1.6841,0.7578,C,E,2.7,1119830.14,None,None,1,15.4
Wyoming,WY002,Wyoming County 2,44.54537809725536,-106.92417884539417,1.1445,0.515,D,D,24.4,684787.98,None,None,1,11.3
Wyoming,WY003,Wyoming County 3,44.13282063966761,-108.16477788982826,1.4683,0.6607,C,D,15.5,831230.89,High,Moderate,1,13.5
Wyoming,WY004,Wyoming County 4,41.289312097139884,-109.61219374752402,0.3648,0.1642,C,B,31.9,92686.1,None,Moderate,0,5.2
Wyoming,WY005,Wyoming County 5,44.864018114269086,-108.70107241144791,0.8385,0.3773,C,C,24.5,405630.89,High,None,1,8.9
Hawaii,HA001,Hawaii County 1,18.581024786593627,-153.80309775696858,1.6204,0.7292,D,E,39.7,845848.47,Low,High,1,14.3
Hawaii,HA002,Hawaii County 2,23.769040758491204,-159.00978629635728,2.4448,1.1001,D,E,150.9,2141764.87,Low,Low,1,20.7
Hawaii,HA003,Hawaii County 3,22.84011458817006,-157.11444443736764,1.7163,0.7723,C,E,394.1,1517210.86,Moderate,None,1,15.5
Hawaii,HA004,Hawaii County 4,23.740525826523886,-154.0395134813055,2.4372,1.0968,C,E,46.8,1802779.91,Moderate,Moderate,1,20.9
Hawaii,HA005,Hawaii County 5,23.218952206682285,-156.70110013191118,2.2588,1.0165,C,E,128.3,2642212.05,Moderate,Moderate,1,19.8
Hawaii,HA006,Hawaii County 6,21.841834398558948,-153.90110456758015,2.1885,0.9848,C,E,30.5,1617467.98,Low,Low,1,19.2
Hawaii,HA007,Hawaii County 7,21.691992271019664,-156.41646557629574,2.2995,1.0348,D,E,12.9,2558580.57,High,None,1,19.8
New Mexico,NE001,New Mexico County 1,37.31566958086381,-107.92238959112599,0.2458,0.1106,C,B,10.7,35624.74,High,High,0,4.7
New Mexico,NE002,New Mexico County 2,34.76043614389731,-103.79549530542776,0.7404,0.3332,B,C,92.9,296826.37,None,None,1,8.1
New Mexico,NE003,New Mexico County 3,33.7723651968609,-106.8423287578037,0.7201,0.324,C,C,26.8,280221.5,Moderate,High,1,8.3
New Mexico,NE004,New Mexico County 4,33.95184638917009,-107.61972119796128,0.2934,0.132,E,B,12.4,48872.01,High,Low,0,4.5
New Mexico,NE005,New Mexico County 5,34.58882977031658,-106.25535897858097,0.6507,0.2928,D,C,15.7,259637.03,None,Moderate,1,7.0
New Mexico,NE006,New Mexico County 6,37.310561672153355,-107.37405347561813,0.9204,0.4142,D,C,41.9,406240.74,Low,Moderate,1,9.8
New Mexico,NE007,New Mexico County 7,33.50596271305648,-106.45577374352187,0.6699,0.3014,C,C,11.2,280832.95,None,Low,1,7.4
New Mexico,NE008,New Mexico County 8,31.960786776293425,-104.57222566226746,0.9471,0.4262,B,C,22.3,542464.86,Moderate,None,1,9.3
New Mexico,NE009,New Mexico County 9,36.34712926010999,-106.65339129347275,1.1008,0.4954,B,D,36.3,772333.85,Low,Moderate,1,10.7
New Mexico,NE010,New Mexico County 10,35.820528105742405,-107.45608189279262,0.6274,0.2824,C,C,31.4,227920.29,Moderate,Moderate,1,7.0
Colorado,CO001,Colorado County 1,38.732735695052426,-106.68565777903537,0.6748,0.3037,C,C,27.9,206891.67,Low,Moderate,1,6.4
Colorado,CO002,Colorado County 2,41.59440833781916,-105.89078214532752,1.0902,0.4906,A,D,98.5,608185.26,Moderate,Low,1,11.0
Colorado,CO003,Colorado County 3,38.19924386570617,-104.73651172956488,0.3368,0.1516,B,B,56.9,63789.36,Moderate,Low,0,5.0
Colorado,CO004,Colorado County 4,36.41434900380547,-103.22852235957876,1.5107,0.6798,A,E,60.9,1153545.25,Low,High,1,14.0
Colorado,CO005,Colorado County 5,36.596310196137274,-107.71739703298918,0.6884,0.3098,C,C,51.6,207312.36,Moderate,Moderate,1,7.1
Colorado,CO006,Colorado County 6,41.04645018600075,-103.25565907509173,0.4214,0.1896,D,B,16.2,120390.06,None,None,0,5.6
Colorado,CO007,Colorado County 7,37.31033439491837,-106.80950522965801,0.9038,0.4067,C,C,84.2,538246.15,None,None,1,9.4
Colorado,CO008,Colorado County 8,36.32931079896322,-106.4569281740801,0.1863,0.0838,D,A,52.8,28481.79,High,Moderate,0,3.4
Colorado,CO009,Colorado County 9,37.32411108758331,-107.93543168471605,0.2538,0.1142,C,B,7.7,30181.0,Low,High,0,4.3
Colorado,CO010,Colorado County 10,37.03748868871125,-108.2336322541651,1.1071,0.4982,D,D,92.2,480112.08,Low,Low,1,10.6
Colorado,CO011,Colorado County 11,36.4073425644863,-105.00665925900537,0.9992,0.4497,C,C,10.5,353317.09,Low,Moderate,1,10.6
Colorado,CO012,Colorado County 12,37.527368267482956,-102.872984714963,0.7384,0.3323,D,C,39.3,322713.78,None,Moderate,1,8.4
Colorado,CO013,Colorado County 13,39.205013194073594,-103.15555121917333,0.1864,0.0839,D,A,24.8,26682.18,Low,High,0,3.8
Colorado,CO014,Colorado County 14,38.47859770202509,-105.29148537072267,0.3668,0.165,C,B,49.4,74216.56,None,Low,0,4.8
Colorado,CO015,Colorado County 15,36.34855374528884,-107.5258320175204,0.9654,0.4344,C,C,8.3,512719.8,Low,Moderate,1,9.5
Colorado,CO016,Colorado County 16,40.61984291708398,-103.48917559124327,0.1831,0.0824,E,A,101.2,17561.77,Moderate,Moderate,0,4.5
Colorado,CO017,Colorado County 17,36.74147214109347,-103.76157052744242,0.0618,0.0278,B,A,34.4,3920.17,High,None,0,2.5
Colorado,CO018,Colorado County 18,37.895347319793785,-106.1583172596918,0.3457,0.1556,D,B,85.9,74541.36,Low,None,0,3.5
Colorado,CO019,Colorado County 19,39.247373714379954,-107.79299635177387,0.7206,0.3243,A,C,13.9,244136.13,Moderate,None,1,6.9
Colorado,CO020,Colorado County 20,39.319976550156994,-106.85760643575014,0.6994,0.3147,A,C,3.7,248005.24,Low,None,1,7.9
Colorado,CO021,Colorado County 21,38.33992705698735,-106.40968102121839,0.4954,0.2229,B,B,55.5,148216.98,Moderate,Low,0,5.9
Colorado,CO022,Colorado County 22,39.11686470837968,-104.70468664818597,0.9509,0.4279,B,C,78.6,571429.37,Low,None,1,9.2
Colorado,CO023,Colorado County 23,41.63710540727447,-105.77905411065863,0.8737,0.3932,A,C,11.5,354675.27,None,Low,1,8.2
Colorado,CO024,Colorado County 24,41.115299265130766,-106.86562264124937,1.4927,0.6717,B,D,21.6,1268922.54,Moderate,Moderate,1,12.9
Colorado,CO025,Colorado County 25,41.38772103683877,-108.30939344072678,0.2017,0.0908,C,B,16.2,24720.24,Low,None,0,3.8
Colorado,CO026,Colorado County 26,40.850310201246415,-102.99412792673218,0.2357,0.106,A,B,34.9,29255.11,Moderate,High,0,5.1
Colorado,CO027,Colorado County 27,38.71669206960735,-104.78565444187117,0.2612,0.1175,C,B,80.5,52640.54,High,None,0,4.3
Colorado,CO028,Colorado County 28,37.058468636398274,-102.96752883308825,0.6268,0.2821,D,C,2.4,200987.64,High,None,1,7.5
Arizona,AR001,Arizona County 1,32.40071517356635,-111.65427106433168,0.0859,0.0386,C,A,41.2,4659.93,Moderate,None,0,2.9
Arizona,AR002,Arizona County 2,34.84993570813992,-111.23863130876713,0.6467,0.291,B,C,29.3,254036.78,Low,None,1,7.1
Arizona,AR003,Arizona County 3,32.52260636770258,-110.34301214071934,1.117,0.5027,C,D,30.7,553146.12,Low,None,1,11.4
Arizona,AR004,Arizona County 4,31.89145035267348,-113.58532399551395,0.7783,0.3502,C,C,31.2,271591.86,None,Moderate,1,8.6
Arizona,AR005,Arizona County 5,33.48722724203334,-111.69306397999787,0.6726,0.3027,C,C,23.9,233510.51,Low,High,1,7.0
Arizona,AR006,Arizona County 6,33.91912838061509,-112.40713144145963,0.5113,0.2301,C,C,30.8,184253.19,Very High,None,0,6.4
Arizona,AR007,Arizona County 7,35.5079910917887,-111.61889575797898,0.5073,0.2283,C,C,3.9,165671.98,Low,Low,0,6.7
Arizona,AR008,Arizona County 8,31.774689106042242,-109.11450096895703,0.678,0.3051,A,C,128.1,298719.39,Very High,Moderate,1,7.0
Arizona,AR009,Arizona County 9,34.80995990626534,-113.78922564552967,0.7296,0.3283,A,C,135.9,258337.29,Low,None,1,7.1
Arizona,AR010,Arizona County 10,31.904528057982596,-110.63118739672542,0.3883,0.1747,D,B,6.7,71964.62,Low,Moderate,0,5.2
Arizona,AR011,Arizona County 11,36.532394224223836,-113.27939600253048,0.6274,0.2823,C,C,25.8,153290.04,Very High,None,1,7.5
Arizona,AR012,Arizona County 12,34.75287029631619,-110.08480895454969,0.2085,0.0938,B,B,25.1,37047.3,Low,Low,0,3.9
Arizona,AR013,Arizona County 13,32.11041386312151,-112.62721768592264,0.1296,0.0583,C,A,51.7,12294.96,Low,None,0,3.7
Arizona,AR014,Arizona County 14,33.06751028409754,-111.23544102177362,0.4547,0.2046,B,B,50.1,147185.37,None,None,0,5.1
Arizona,AR015,Arizona County 15,36.132215174121235,-108.35911036404869,0.7528,0.3388,D,C,2.2,359226.88,High,Moderate,1,8.2
Arizona,AR016,Arizona County 16,33.65190385705521,-109.93705021952087,0.4489,0.202,D,B,10.0,82799.54,Low,Moderate,0,6.3
Arizona,AR017,Arizona County 17,34.718868863965795,-111.83109145252561,0.9389,0.4225,C,C,25.1,531108.17,Low,Low,1,9.2
Arizona,AR018,Arizona County 18,35.80560157132951,-113.45505506689146,0.8886,0.3998,B,C,5.4,400015.89,None,None,1,8.8
Arizona,AR019,Arizona County 19,34.939586416641156,-111.45192391005426,0.7371,0.3317,C,C,60.6,328128.57,None,Low,1,8.2
Arizona,AR020,Arizona County 20,33.825889240305344,-114.03375526800994,0.7751,0.3488,C,C,19.6,384254.98,Moderate,None,1,7.8
Arizona,AR021,Arizona County 21,36.64768362056323,-108.74269758852061,1.0919,0.4914,C,D,60.7,621993.84,Moderate,None,1,11.2
Arizona,AR022,Arizona County 22,34.709459403536044,-113.79186762782788,0.3311,0.149,D,B,196.0,62067.97,Moderate,Moderate,0,5.3
Arizona,AR023,Arizona County 23,37.16094529886622,-112.322865595626,0.5822,0.262,A,C,11.7,230014.84,Low,Moderate,0,6.1
Arizona,AR024,Arizona County 24,33.059666272280445,-113.83538784353433,1.2259,0.5516,D,D,3.9,829591.86,None,Low,1,11.7
Arizona,AR025,Arizona County 25,33.025335044614756,-108.23753226099079,0.7481,0.3366,D,C,30.3,283442.9,High,Low,1,8.8
Arizona,AR026,Arizona County 26,37.13650194842742,-110.5031078474849,0.8302,0.3736,D,C,17.2,433421.79,Low,Low,1,8.5
Arizona,AR027,Arizona County 27,31.521105307417145,-112.85106146922513,0.8396,0.3778,C,C,72.5,396432.26,Low,Moderate,1,7.8
Arizona,AR028,Arizona County 28,33.72809888318826,-112.60450317268617,1.0063,0.4528,C,D,21.7,548300.9,Low,High,1,9.3
Arizona,AR029,Arizona County 29,31.32258193236441,-111.45843241698378,0.7188,0.3235,D,C,38.1,233419.68,Low,Moderate,1,7.1
Arizona,AR030,Arizona County 30,33.09303132641473,-112.3944596421844,0.1878,0.0845,D,A,40.4,28368.86,Very High,None,0,2.8
Arizona,AR031,Arizona County 31,34.93710877496813,-110.445126622626,0.2052,0.0923,B,B,57.3,32960.52,None,High,0,3.9
Arizona,AR032,Arizona County 32,35.477924465386444,-110.55471985403318,0.1425,0.0641,C,A,8.4,17966.13,Low,High,0,3.5
Arizona,AR033,Arizona County 33,32.02251849551352,-112.8253727362827,0.5898,0.2654,E,C,12.2,144086.37,Moderate,None,0,7.0
Arizona,AR034,Arizona County 34,31.442263515004065,-110.62990565246712,0.5507,0.2478,C,C,69.2,185657.13,Low,Moderate,0,7.2
Arizona,AR035,Arizona County 35,36.63232697908687,-110.98532109828312,0.8548,0.3846,D,C,24.8,303091.36,Moderate,None,1,8.7
Texas,TE001,Texas County 1,29.671012550327852,-99.53061373830454,0.2266,0.102,D,B,27.5,35921.9,Moderate,None,0,3.3
Texas,TE002,Texas County 2,31.56082059448112,-96.78742095353687,0.3049,0.1372,C,B,0.2,70713.24,Moderate,Moderate,0,4.9
Texas,TE003,Texas County 3,33.32754690297498,-98.55589671311913,0.1481,0.0667,D,A,54.9,14229.26,None,None,0,2.3
Texas,TE004,Texas County 4,33.18573897235686,-100.906853961268,0.608,0.2736,A,C,55.1,153210.22,None,None,1,6.5
Texas,TE005,Texas County 5,32.15510586475958,-99.40872499380261,0.7842,0.3529,E,C,74.5,244002.72,None,Low,1,7.9
Texas,TE006,Texas County 6,32.05972336501002,-99.48065270544905,0.3414,0.1536,B,B,50.5,86028.96,Moderate,Low,0,4.6
Texas,TE007,Texas County 7,30.38141206462139,-101.08940622960458,0.5777,0.26,D,C,35.6,193443.2,Low,None,0,6.9
Texas,TE008,Texas County 8,32.62365008031627,-98.36419833322945,0.1245,0.056,B,A,37.7,10821.65,Low,None,0,2.5
Texas,TE009,Texas County 9,34.3501077637344,-102.00861935207551,0.2644,0.119,E,B,20.6,34316.1,None,Low,0,4.3
Texas,TE010,Texas County 10,28.507382801305926,-100.80129952813833,0.2152,0.0968,C,B,60.2,22180.98,None,Moderate,0,3.8
Texas,TE011,Texas County 11,28.707877673220906,-100.94540967250252,1.1648,0.5242,D,D,5.8,565209.7,Very High,None,1,11.9
Texas,TE012,Texas County 12,34.29665921663619,-96.30243468615751,0.4374,0.1968,D,B,19.9,127558.92,Low,None,0,6.0
Texas,TE013,Texas County 13,30.0441397090929,-96.53552147942803,0.1553,0.0699,C,A,4.7,21888.94,Low,None,0,3.7
Texas,TE014,Texas County 14,33.28881514365465,-99.8107073171739,0.366,0.1647,D,B,10.2,79359.79,Moderate,High,0,4.7
Texas,TE015,Texas County 15,34.09718181733024,-96.7458928822073,0.2017,0.0908,C,B,43.6,34990.04,Very High,Moderate,0,4.1
Texas,TE016,Texas County 16,28.87108212500179,-98.83216542080454,0.0622,0.028,B,A,137.8,3914.15,Moderate,Moderate,0,2.0
Texas,TE017,Texas County 17,29.744151793792017,-101.82139393374288,0.2,0.09,D,B,48.3,26903.26,Moderate,Low,0,4.0
Texas,TE018,Texas County 18,30.317651486426218,-96.92045690623459,0.4054,0.1824,D,B,60.9,115710.57,Low,Low,0,5.5
Texas,TE019,Texas County 19,34.194690101132984,-98.95701411924334,0.1103,0.0496,E,A,20.4,8737.03,Very High,Low,0,2.5
Texas,TE020,Texas County 20,28.593076227696322,-96.63163612137683,0.6612,0.2975,E,C,0.2,270970.72,None,None,1,7.1
Texas,TE021,Texas County 21,30.8780788845943,-98.70332443943572,0.1472,0.0663,A,A,3.4,18701.19,Low,Low,0,3.3
Texas,TE022,Texas County 22,34.14737754722321,-96.90646916927213,0.06,0.027,E,A,107.8,2570.01,None,None,0,1.7
Texas,TE023,Texas County 23,29.400335732152538,-98.56820476033718,0.2269,0.1021,C,B,102.4,43262.79,None,Low,0,3.5
Texas,TE024,Texas County 24,30.096301420734022,-100.96121527886325,0.0728,0.0328,B,A,27.9,5016.97,Low,Low,0,3.0
Texas,TE025,Texas County 25,33.18375828358151,-99.21097128739281,0.7569,0.3406,C,C,20.2,363515.59,Low,Low,1,8.9
Texas,TE026,Texas County 26,29.472399515376036,-99.24443698372902,0.3787,0.1704,C,B,85.9,110743.04,Low,Moderate,0,5.1
Texas,TE027,Texas County 27,33.83090203765617,-98.74255522258113,0.7056,0.3175,C,C,6.0,298583.22,Moderate,None,1,8.4
Texas,TE028,Texas County 28,32.87686079788505,-97.58059783297723,0.5808,0.2614,B,C,81.8,236037.44,None,Low,0,6.0
Texas,TE029,Texas County 29,32.10402417317341,-99.42897997462246,0.5044,0.227,B,C,55.4,158436.66,Low,None,0,6.0
Texas,TE030,Texas County 30,31.24525677881011,-96.93379636425853,0.6454,0.2904,B,C,221.1,275465.61,Moderate,None,1,7.6
Texas,TE031,Texas County 31,33.240180092260104,-99.4137647355331,0.4766,0.2145,B,B,31.1,122843.85,High,None,0,5.6
Texas,TE032,Texas County 32,34.08484369454923,-101.57192614173962,0.3548,0.1596,D,B,66.3,95488.92,Moderate,None,0,4.5
Texas,TE033,Texas County 33,32.026846718209,-99.79927145177273,1.1934,0.537,A,D,81.9,786667.32,Low,None,1,11.5
Texas,TE034,Texas County 34,31.891322608957317,-101.95364124748963,0.133,0.0599,D,A,18.1,16871.41,Moderate,High,0,3.1
Texas,TE035,Texas County 35,32.05240135974109,-96.55972935190675,0.1407,0.0633,D,A,7.8,17971.03,Moderate,Low,0,3.2
Texas,TE036,Texas County 36,32.821585573925994,-96.61347188911472,0.8062,0.3628,C,C,107.7,283258.09,Moderate,Moderate,1,8.6
Texas,TE037,Texas County 37,28.704227586001224,-98.3383541566247,0.7907,0.3558,C,C,19.2,368347.55,Moderate,None,1,8.5
Texas,TE038,Texas County 38,33.503425472077495,-96.60272375870984,0.2884,0.1298,B,B,121.1,43592.96,None,None,0,4.0
Texas,TE039,Texas County 39,30.6080847724761,-100.46204595816397,0.4483,0.2017,B,B,51.9,112412.27,Moderate,Low,0,5.5
Texas,TE040,Texas County 40,29.08065772886504,-101.33789294098938,0.1693,0.0762,B,A,237.9,15748.42,Moderate,None,0,3.4
Texas,TE041,Texas County 41,31.971766111801767,-97.6027171463204,0.8153,0.3669,D,C,20.9,448936.15,Moderate,None,1,8.1
Texas,TE042,Texas County 42,34.42150212024149,-98.04491501671804,0.1508,0.0679,C,A,39.7,12969.11,High,None,0,4.0
Texas,TE043,Texas County 43,29.4850850058483,-98.31040714691406,0.763,0.3433,E,C,29.2,252020.78,Low,Moderate,1,7.9
Texas,TE044,Texas County 44,30.784573640395987,-99.89485530924254,0.1986,0.0894,C,A,49.8,21880.33,Low,Low,0,3.4
Texas,TE045,Texas County 45,28.894862038507362,-99.88325886844778,1.2276,0.5524,C,D,27.5,927910.12,None,Moderate,1,12.0
Texas,TE046,Texas County 46,34.27694446470203,-101.75265107870479,0.587,0.2641,C,C,100.8,192738.92,Very High,Moderate,0,6.8
Texas,TE047,Texas County 47,32.253189943528284,-98.70729794648418,0.3085,0.1388,C,B,58.7,69679.59,Low,None,0,4.3
Texas,TE048,Texas County 48,32.64062117739845,-96.56592090801792,0.3306,0.1488,D,B,14.5,77019.54,Very High,None,0,4.8
Texas,TE049,Texas County 49,31.038633900088183,-101.75566559836045,0.1367,0.0615,C,A,21.8,11436.96,Moderate,Low,0,3.5
Texas,TE050,Texas County 50,31.958560554940817,-100.93940708863516,0.4271,0.1922,C,B,74.9,91963.96,None,Low,0,4.8
Texas,TE051,Texas County 51,34.252502414114375,-98.57144981755589,0.3075,0.1384,C,B,129.5,53465.48,Low,Moderate,0,4.4
Texas,TE052,Texas County 52,33.889753893852784,-97.03539928834314,0.3611,0.1625,C,B,52.0,61557.01,None,Moderate,0,4.7
Texas,TE053,Texas County 53,33.585062663717636,-98.66067506523477,0.0575,0.0259,B,A,24.4,3396.17,None,Low,0,2.8
Texas,TE054,Texas County 54,31.38332675423314,-96.73808557625388,0.3155,0.142,E,B,77.2,65807.78,None,Low,0,4.6
Texas,TE055,Texas County 55,30.27621002528486,-97.64472810400147,1.3579,0.6111,C,D,44.3,1082988.3,Moderate,High,1,13.7
Texas,TE056,Texas County 56,30.85518959133659,-97.65917958063099,0.488,0.2196,C,B,31.0,173220.21,Low,Low,0,6.3
Texas,TE057,Texas County 57,31.391029886127576,-98.94644874485121,0.5162,0.2323,C,C,102.2,172936.51,High,Low,0,5.9
Texas,TE058,Texas County 58,28.715362356419252,-101.74820985759489,0.2126,0.0956,D,B,142.7,32061.09,Low,Moderate,0,3.7
Oklahoma,OK001,Oklahoma County 1,34.65740600940572,-99.36973084439231,0.6816,0.3067,D,C,118.8,267933.99,Very High,None,1,7.0
Oklahoma,OK002,Oklahoma County 2,35.00422667290755,-96.87276155906204,0.834,0.3753,C,C,15.9,256097.08,High,None,1,7.9
Oklahoma,OK003,Oklahoma County 3,37.339172679358384,-96.07879303181907,1.0548,0.4746,C,D,12.2,459961.43,Very High,Low,1,9.3
Oklahoma,OK004,Oklahoma County 4,34.224086950022276,-100.42486652047792,0.7186,0.3234,E,C,76.3,340230.21,Very High,Moderate,1,8.3
Oklahoma,OK005,Oklahoma County 5,36.885142165538625,-95.16968325131425,0.2909,0.1309,B,B,70.4,47046.1,High,High,0,3.6
Oklahoma,OK006,Oklahoma County 6,38.27744707063181,-94.87059777328368,1.027,0.4622,C,D,42.1,639923.82,Moderate,Moderate,1,10.1
Oklahoma,OK007,Oklahoma County 7,37.646041882982914,-95.58605797113391,1.3396,0.6028,D,D,23.5,664959.77,Low,None,1,12.6
Oklahoma,OK008,Oklahoma County 8,33.67857262456433,-98.22987080523816,1.1733,0.528,B,D,10.4,509705.08,Low,Moderate,1,12.1
Oklahoma,OK009,Oklahoma County 9,32.86482659085365,-100.11396831384333,0.7441,0.3349,D,C,26.0,293134.58,Low,Low,1,8.4
Oklahoma,OK010,Oklahoma County 10,34.72729788005269,-99.78739940051032,0.9256,0.4165,E,C,15.4,434770.25,Very High,None,1,9.3
Oklahoma,OK011,Oklahoma County 11,37.45927796912588,-98.62420969535493,0.7182,0.3232,D,C,65.6,220172.52,Low,Low,1,7.7
Oklahoma,OK012,Oklahoma County 12,35.25589357154332,-96.89963104773848,0.7903,0.3556,D,C,40.0,246614.43,None,None,1,9.4
Oklahoma,OK013,Oklahoma County 13,33.28954759052936,-98.05917513442103,0.9335,0.4201,D,C,91.1,389865.01,None,Moderate,1,9.8
Oklahoma,OK014,Oklahoma County 14,37.06051727170285,-98.4129485590418,0.885,0.3983,B,C,1.2,487665.0,Moderate,Moderate,1,9.8
Oklahoma,OK015,Oklahoma County 15,32.98436372881133,-98.95566326508124,0.7051,0.3173,A,C,74.6,307223.29,None,None,1,7.4
Oklahoma,OK016,Oklahoma County 16,35.39107885005566,-97.22383188565553,0.5138,0.2312,C,C,37.7,158098.82,Moderate,High,0,6.2
Oklahoma,OK017,Oklahoma County 17,37.09027734973951,-99.71560468721884,0.7786,0.3504,C,C,76.7,259721.45,Low,Moderate,1,7.9
Oklahoma,OK018,Oklahoma County 18,36.09305116820384,-95.96527754114703,1.622,0.7299,B,E,221.1,966466.89,Low,None,1,15.1
Oklahoma,OK019,Oklahoma County 19,38.09495896426193,-100.24106738767027,1.0263,0.4618,C,D,75.8,463603.8,None,None,1,9.9
Missouri,MI001,Missouri County 1,35.84196391902477,-95.41589968453506,1.4833,0.6675,D,D,26.0,1141340.93,Moderate,Moderate,1,13.1
Missouri,MI002,Missouri County 2,38.979595450407984,-94.18171729177496,0.5195,0.2338,C,C,161.6,141711.21,None,None,0,6.0
Missouri,MI003,Missouri County 3,38.01376514641619,-92.0927879546257,0.6981,0.3141,D,C,102.0,293266.13,None,Moderate,1,7.7
Missouri,MI004,Missouri County 4,40.485340305905495,-92.98865968134108,0.4298,0.1934,A,B,2.0,124552.23,Low,Low,0,5.3
Missouri,MI005,Missouri County 5,37.14767558585918,-89.66339697016177,0.5428,0.2443,D,C,7.3,122026.42,Low,None,0,5.8
Missouri,MI006,Missouri County 6,37.00416495834899,-93.92212450257263,0.3518,0.1583,C,B,13.0,86798.33,None,None,0,4.9
Missouri,MI007,Missouri County 7,37.674074318301436,-90.64403557184728,0.44,0.198,A,B,116.6,128091.37,None,Low,0,6.6
Missouri,MI008,Missouri County 8,35.347425141954616,-94.60751427808724,0.195,0.0877,C,A,12.6,28721.94,Low,Low,0,4.0
Missouri,MI009,Missouri County 9,38.15488264371507,-95.14436045874795,0.8798,0.3959,C,C,35.4,384713.63,Low,Low,1,9.1
Missouri,MI010,Missouri County 10,39.4701654349584,-91.56194234626504,0.471,0.2119,D,B,45.7,134336.99,Low,None,0,6.0
Missouri,MI011,Missouri County 11,35.869796281107796,-95.28518503264321,0.6368,0.2866,D,C,46.7,239019.37,High,None,1,7.6
Missouri,MI012,Missouri County 12,37.3542252182146,-95.37587549940362,0.5189,0.2335,D,C,71.8,167518.91,None,Moderate,0,6.5
Missouri,MI013,Missouri County 13,35.31712915582469,-94.43815344612369,0.5964,0.2684,A,C,81.6,213008.53,Low,None,0,6.6
Missouri,MI014,Missouri County 14,37.9053373648465,-94.81566834655752,0.6746,0.3036,B,C,103.5,277728.85,Low,None,1,6.8
Missouri,MI015,Missouri County 15,40.05967675021151,-95.28488634574832,0.6903,0.3106,D,C,32.1,234937.96,None,Moderate,1,7.2
Missouri,MI016,Missouri County 16,38.53745013246893,-91.13075575040588,0.5974,0.2688,C,C,75.6,215405.71,Low,Moderate,0,7.3
Missouri,MI017,Missouri County 17,37.1831512896257,-93.08765849543953,0.8597,0.3869,B,C,41.0,479987.67,None,Moderate,1,9.1
Missouri,MI018,Missouri County 18,36.892401607783285,-95.40863020742952,0.4031,0.1814,A,B,46.1,82420.14,High,Low,0,5.3
Missouri,MI019,Missouri County 19,37.0525967285738,-94.63972113972876,0.4955,0.223,C,B,45.2,137222.01,Low,Low,0,6.2
Missouri,MI020,Missouri County 20,37.853468096701796,-92.60476534192341,0.8011,0.3605,C,C,11.2,391078.8,Low,None,1,8.0
Missouri,MI021,Missouri County 21,35.30210185822438,-90.03656649820412,0.7584,0.3413,C,C,0.1,346247.6,Low,Moderate,1,7.8
Missouri,MI022,Missouri County 22,39.65524532172039,-91.9592684773912,0.739,0.3325,C,C,46.6,368305.22,None,Moderate,1,8.0
Missouri,MI023,Missouri County 23,38.9650151365036,-90.65717303004448,1.2878,0.5795,B,D,16.4,645678.16,None,High,1,12.3
Missouri,MI024,Missouri County 24,35.42712329194292,-94.27224942054039,0.9694,0.4362,B,C,62.5,380695.58,Moderate,None,1,8.6
Missouri,MI025,Missouri County 25,39.192395421169245,-94.56126206026843,0.8941,0.4023,D,C,16.0,327338.94,Low,None,1,9.2
Missouri,MI026,Missouri County 26,39.49312780763083,-93.57253921971068,0.088,0.0396,C,A,43.1,7680.6,Moderate,High,0,3.3
Missouri,MI027,Missouri County 27,38.7364493409313,-92.52852734897186,1.1015,0.4957,A,D,16.4,436899.35,Moderate,None,1,10.5
Missouri,MI028,Missouri County 28,37.43218236140847,-91.90670843980563,0.4312,0.194,A,B,2.3,108962.47,Moderate,None,0,5.0
Missouri,MI029,Missouri County 29,36.39516200693112,-92.761888177069,0.2168,0.0976,D,B,20.7,27354.27,Low,High,0,3.3
Missouri,MI030,Missouri County 30,39.40443688487078,-91.14570830630575,0.4298,0.1934,D,B,4.4,79877.88,Low,None,0,5.4
Tennessee,TE001,Tennessee County 1,36.582672670730034,-87.04578310521956,0.9275,0.4174,B,C,13.6,392199.63,Moderate,Low,1,9.9
Tennessee,TE002,Tennessee County 2,38.28655716000291,-88.56990563177597,0.6252,0.2813,D,C,23.1,154521.55,None,None,1,7.0
Tennessee,TE003,Tennessee County 3,38.598883733014944,-83.79777841156474,0.1474,0.0663,C,A,63.9,15269.25,Moderate,None,0,3.3
Tennessee,TE004,Tennessee County 4,35.83001351677951,-84.40422881033868,1.0602,0.4771,D,D,53.3,465017.28,Low,Moderate,1,10.9
Tennessee,TE005,Tennessee County 5,34.05554190739216,-85.08254591442683,1.557,0.7006,B,E,43.1,953948.56,Low,Moderate,1,13.8
Tennessee,TE006,Tennessee County 6,37.92288753906146,-88.48937948575538,0.3296,0.1483,C,B,91.2,74253.64,Low,Moderate,0,4.0
Tennessee,TE007,Tennessee County 7,33.38790697924475,-83.85204913845928,0.3217,0.1447,C,B,42.2,60913.56,Moderate,Low,0,5.3
Tennessee,TE008,Tennessee County 8,36.52059081448771,-87.38607012859579,0.4529,0.2038,C,B,4.8,110850.79,High,None,0,5.6
Tennessee,TE009,Tennessee County 9,33.00726583624878,-87.44802274963523,0.7566,0.3405,C,C,6.3,264267.42,Low,None,1,8.3
Tennessee,TE010,Tennessee County 10,35.67609888327904,-88.5464471463321,0.3687,0.1659,D,B,55.6,59321.27,None,None,0,4.9
Tennessee,TE011,Tennessee County 11,35.70198429961306,-89.36540648603354,1.7097,0.7694,A,E,8.8,1095270.61,None,Moderate,1,16.2
Tennessee,TE012,Tennessee County 12,37.60175638436877,-89.37674749391691,0.4782,0.2152,C,B,8.0,142193.83,Low,Moderate,0,6.2
Tennessee,TE013,Tennessee County 13,34.56374050069396,-85.8200215994814,0.4003,0.1801,D,B,4.2,77355.17,Moderate,Low,0,5.0
Tennessee,TE014,Tennessee County 14,35.42883500035427,-87.24099173123122,0.5083,0.2287,A,C,11.5,151364.86,Moderate,High,0,6.3
Tennessee,TE015,Tennessee County 15,38.53355322325575,-88.00603545019679,0.4236,0.1906,C,B,12.7,120513.27,Low,None,0,4.9
Tennessee,TE016,Tennessee County 16,35.26734527647275,-88.84571369812718,0.491,0.2209,D,B,18.7,156046.08,High,None,0,5.9
Tennessee,TE017,Tennessee County 17,33.851633484704664,-89.14209453045675,0.5354,0.2409,D,C,39.8,150756.62,Low,Moderate,0,6.7
Tennessee,TE018,Tennessee County 18,34.16609242988789,-87.36093982852599,0.1304,0.0587,C,A,9.5,12275.39,High,Low,0,2.8
Tennessee,TE019,Tennessee County 19,38.05749377851244,-89.5271763848635,0.4893,0.2202,C,B,61.9,136411.84,Moderate,None,0,5.9
Tennessee,TE020,Tennessee County 20,33.9288175484615,-84.80628712288635,0.7663,0.3448,B,C,67.4,279629.89,Low,Moderate,1,8.7
Tennessee,TE021,Tennessee County 21,37.547574757282156,-86.23256936646473,0.0567,0.0255,C,A,8.9,2947.3,Very High,High,0,2.1
Tennessee,TE022,Tennessee County 22,38.30468197155823,-85.42170244225957,1.2372,0.5568,B,D,36.4,922765.77,Very High,Low,1,12.7
Tennessee,TE023,Tennessee County 23,33.85913774220426,-89.35466714110638,0.6573,0.2958,E,C,69.4,177206.73,Moderate,None,1,7.7
Tennessee,TE024,Tennessee County 24,34.84883343738967,-89.14883723541043,1.1037,0.4967,D,D,10.6,752965.65,Moderate,High,1,11.1
Tennessee,TE025,Tennessee County 25,36.40403717085829,-87.53320543370643,0.9269,0.4171,B,C,8.6,471156.76,Low,Low,1,9.5
Tennessee,TE026,Tennessee County 26,35.40083268620244,-86.70027026684524,0.7602,0.3421,E,C,38.1,248682.45,None,High,1,7.7
Tennessee,TE027,Tennessee County 27,37.192626998809416,-88.21404216980469,0.2081,0.0936,C,B,209.0,24435.38,Very High,None,0,3.7
Tennessee,TE028,Tennessee County 28,37.80051931335841,-85.00185542588137,0.6387,0.2874,C,C,81.1,257752.95,Moderate,None,1,6.7
Tennessee,TE029,Tennessee County 29,38.04579956423645,-89.21923195547461,0.821,0.3694,D,C,91.4,259785.06,Low,Moderate,1,8.7
Tennessee,TE030,Tennessee County 30,33.184705985131764,-87.99939311676331,0.3137,0.1412,B,B,26.0,50206.96,High,None,0,4.3
Tennessee,TE031,Tennessee County 31,37.61753417047119,-84.13073554045849,0.2878,0.1295,D,B,21.4,54706.94,High,High,0,5.0
Tennessee,TE032,Tennessee County 32,33.29392774424357,-89.53674691284664,0.0861,0.0387,B,A,5.4,4622.27,Moderate,Moderate,0,2.9
Tennessee,TE033,Tennessee County 33,33.904671769771035,-89.69529329629444,0.2682,0.1207,B,B,24.1,54827.51,Moderate,None,0,4.4
Tennessee,TE034,Tennessee County 34,37.620820332043735,-85.34639329608792,0.3772,0.1697,C,B,16.7,100138.78,Very High,Moderate,0,4.4
South Carolina,SO001,South Carolina County 1,32.972297790181685,-82.5194511782175,0.3216,0.1447,C,B,18.8,49468.29,None,Low,0,3.5
South Carolina,SO002,South Carolina County 2,35.30659911448491,-80.81128592629784,0.0182,0.0082,C,A,11.9,305.36,None,Low,0,3.1
South Carolina,SO003,South Carolina County 3,33.26661385398112,-83.98425731935875,0.238,0.1071,D,B,51.4,43221.93,Low,Low,0,4.3
South Carolina,SO004,South Carolina County 4,33.587322205336115,-81.47200677884932,0.0642,0.0289,C,A,41.3,3202.9,Low,High,0,2.6
South Carolina,SO005,South Carolina County 5,33.53718247124303,-78.28910400957805,0.3597,0.1619,D,B,10.3,71603.82,High,Moderate,0,4.2
South Carolina,SO006,South Carolina County 6,32.06858007099996,-84.15999876997354,0.5037,0.2266,C,C,22.9,165398.22,Moderate,Moderate,0,5.9
South Carolina,SO007,South Carolina County 7,31.881951663580736,-80.40884516834413,0.4412,0.1986,C,B,19.6,136241.57,None,None,0,5.4
South Carolina,SO008,South Carolina County 8,32.63863642023414,-78.69511837682298,0.2515,0.1132,D,B,27.1,46841.64,Low,Low,0,3.9
South Carolina,SO009,South Carolina County 9,35.91363166862912,-81.51829479531746,0.119,0.0536,C,A,29.6,8110.19,Moderate,Moderate,0,3.6
South Carolina,SO010,South Carolina County 10,33.23879175423608,-79.14609176475312,0.5057,0.2276,D,C,49.3,167927.25,None,High,0,5.6
South Carolina,SO011,South Carolina County 11,31.235378839333364,-79.33251732523121,0.0467,0.021,C,A,11.7,2452.31,Moderate,High,0,2.0
South Carolina,SO012,South Carolina County 12,33.65819674081552,-81.16597680423772,0.4276,0.1924,C,B,50.5,125238.47,Moderate,Moderate,0,5.5
South Carolina,SO013,South Carolina County 13,33.768525050013125,-79.77045741974615,0.1562,0.0703,C,A,17.8,15304.86,Moderate,None,0,2.8
South Carolina,SO014,South Carolina County 14,31.13787971506316,-79.46097256125714,0.1907,0.0858,D,A,53.8,26658.17,High,None,0,3.8
South Carolina,SO015,South Carolina County 15,31.173443078394623,-79.41082535335431,0.4891,0.2201,D,B,98.2,139067.22,High,Moderate,0,5.8
South Carolina,SO016,South Carolina County 16,33.7909760292557,-82.71788662632596,0.2109,0.0949,C,B,55.9,27923.8,High,Moderate,0,4.0
South Carolina,SO017,South Carolina County 17,32.49495140532151,-80.26898992056766,0.4094,0.1842,C,B,21.9,126618.53,None,Moderate,0,5.4
South Carolina,SO018,South Carolina County 18,32.732520719102325,-83.70241815543916,1.0752,0.4838,B,D,63.1,582666.19,Low,Moderate,1,11.6
South Carolina,SO019,South Carolina County 19,36.65891360830736,-82.57677924857883,0.5838,0.2627,C,C,70.0,180139.18,None,None,0,6.6
South Carolina,SO020,South Carolina County 20,34.45451410188718,-81.51822563010185,0.3598,0.1619,B,B,37.3,70479.2,Moderate,Low,0,5.6
South Carolina,SO021,South Carolina County 21,31.10600548626576,-82.4251278810671,0.2476,0.1114,C,B,50.5,28748.38,None,None,0,4.2
South Carolina,SO022,South Carolina County 22,34.778409218746475,-80.46971160924488,0.176,0.0792,D,A,45.4,18197.02,Moderate,None,0,4.2
South Carolina,SO023,South Carolina County 23,32.25230029331897,-82.41885271118045,0.262,0.1179,C,B,19.7,41470.91,High,Low,0,3.5
South Carolina,SO024,South Carolina County 24,35.927861389290825,-81.69142415468724,0.2628,0.1183,C,B,8.0,37562.35,High,Low,0,3.9
South Carolina,SO025,South Carolina County 25,36.15585076370392,-81.74064919076791,0.9171,0.4127,C,C,230.6,322800.79,Low,High,1,8.9
New York,NE001,New York County 1,43.85687962984514,-77.50565061955716,0.5362,0.2413,C,C,15.1,130881.51,Moderate,Low,0,7.2
New York,NE002,New York County 2,44.16710002250198,-73.91611261221175,0.0397,0.0179,B,A,13.1,1054.32,Moderate,None,0,2.2
New York,NE003,New York County 3,40.78377759306393,-72.57493009172065,0.0886,0.0399,C,A,57.0,7865.81,High,High,0,3.3
New York,NE004,New York County 4,42.28317071965158,-72.47168157521703,0.4416,0.1987,B,B,4.9,101494.36,Low,None,0,6.1
New York,NE005,New York County 5,43.85618363392301,-76.20451418715317,0.074,0.0333,D,A,72.8,5339.39,None,Moderate,0,3.1
New York,NE006,New York County 6,39.70462620574937,-73.02191759250249,0.1062,0.0478,C,A,6.7,10538.94,High,None,0,3.5
New York,NE007,New York County 7,43.33934355384561,-72.96249956117208,0.0319,0.0144,D,A,27.4,1040.67,Low,None,0,2.8
New York,NE008,New York County 8,43.44620137299107,-76.15436542808493,0.2481,0.1116,D,B,44.4,51525.52,Moderate,Moderate,0,3.9
New York,NE009,New York County 9,39.996630436406484,-72.71327119812877,0.4311,0.194,C,B,51.9,80883.41,Moderate,High,0,4.7
New York,NE010,New York County 10,44.257819450045375,-75.00811919010077,0.325,0.1463,B,B,32.3,50578.23,Very High,High,0,5.4
New York,NE011,New York County 11,42.69519624569496,-77.77661767095796,0.0012,0.0006,C,A,24.6,2.65,High,Low,0,3.2
New York,NE012,New York County 12,42.509979657603324,-73.5840430931667,0.4284,0.1928,B,B,7.7,100008.59,None,Low,0,5.7
New York,NE013,New York County 13,40.6507610720942,-72.64665490712997,0.1609,0.0724,B,A,37.6,14158.14,Low,Low,0,3.4
New York,NE014,New York County 14,44.694692603495085,-77.355522189975,0.0013,0.0006,B,A,72.1,3.64,Low,Moderate,0,1.5
New York,NE015,New York County 15,43.27665670718628,-71.94934764616781,0.1867,0.084,D,A,57.2,28046.87,Low,Low,0,4.5
New York,NE016,New York County 16,42.079940349711286,-72.09052720248027,0.6348,0.2857,B,C,19.5,255072.6,Low,Moderate,1,7.4
New York,NE017,New York County 17,45.15114636207592,-76.87906125845474,0.0306,0.0138,D,A,14.0,719.64,Moderate,Low,0,1.7
New York,NE018,New York County 18,41.81218060656904,-76.67209284529473,0.558,0.2511,C,C,87.9,186032.73,None,Moderate,0,6.4
New York,NE019,New York County 19,44.25428113030016,-73.03175495642593,0.0177,0.0079,D,A,50.5,303.84,Moderate,None,0,1.0
New York,NE020,New York County 20,41.50322865804836,-75.5316265963614,0.5538,0.2492,D,C,20.3,209877.49,Moderate,None,0,6.0
New York,NE021,New York County 21,44.925141191738206,-74.17048425681404,0.0328,0.0148,B,A,46.1,824.73,None,None,0,2.2
New York,NE022,New York County 22,39.26868131861582,-71.9717098265379,0.1251,0.0563,C,A,40.1,13421.02,High,Low,0,3.1
New York,NE023,New York County 23,42.5782076896563,-77.27702772908923,0.7206,0.3243,C,C,6.9,233167.23,Low,None,1,7.9
New York,NE024,New York County 24,42.22128717222141,-74.45679240673424,0.0842,0.0379,E,A,27.7,6721.26,Low,Moderate,0,2.3
New York,NE025,New York County 25,40.00561444548061,-73.89657069183754,0.6005,0.2702,C,C,96.7,218920.52,Moderate,Moderate,1,6.5
New York,NE026,New York County 26,39.99338670892623,-73.74297363233777,0.2293,0.1032,D,B,48.9,28518.88,None,Low,0,3.3
New York,NE027,New York County 27,40.638999101731,-74.29095717223296,0.0989,0.0445,D,A,14.3,6704.19,Very High,Low,0,3.0
New York,NE028,New York County 28,44.803043652069704,-72.55219373407878,0.1099,0.0495,A,A,20.0,10628.06,Low,None,0,3.1
New York,NE029,New York County 29,43.08852473353138,-74.33946130818653,0.2251,0.1013,C,B,55.0,41449.29,None,None,0,4.3
New York,NE030,New York County 30,39.746619690694125,-73.13503542851647,0.0056,0.0025,C,A,44.2,56.22,High,None,0,0.9
New York,NE031,New York County 31,40.839590095270474,-76.26916854240342,0.0018,0.0008,C,A,15.7,5.18,None,None,0,1.5
New York,NE032,New York County 32,42.91784851920022,-73.76309210895575,0.8614,0.3876,C,C,7.0,364559.51,None,High,1,8.7
New York,NE033,New York County 33,41.44571527952026,-72.98060104352741,0.2652,0.1193,C,B,17.2,36554.54,Low,Low,0,3.7
New York,NE034,New York County 34,41.249308524255646,-72.59424147009253,0.0307,0.0138,C,A,10.7,871.92,Very High,None,0,1.7
New York,NE035,New York County 35,44.90009069149781,-73.598378847515,0.0608,0.0274,D,A,21.4,4079.35,Low,Moderate,0,1.9
New York,NE036,New York County 36,40.66615328650107,-74.81569077431155,0.3129,0.1408,C,B,19.8,55136.0,Moderate,Low,0,3.8
New York,NE037,New York County 37,42.45470920406569,-72.80991217498787,0.111,0.0499,D,A,24.2,8740.59,Moderate,None,0,2.1
New York,NE038,New York County 38,43.556601318611854,-74.69858063441458,0.2368,0.1066,D,B,36.8,36906.81,Very High,Moderate,0,4.7
New York,NE039,New York County 39,44.2581232317501,-76.363556012043,0.2488,0.112,C,B,41.4,50251.07,Moderate,Moderate,0,4.1
New York,NE040,New York County 40,42.88898450494688,-73.46871908270855,0.0452,0.0203,D,A,110.9,1395.94,Low,None,0,2.3
New York,NE041,New York County 41,43.26544066752712,-77.68446825754883,0.046,0.0207,D,A,96.1,2501.02,Low,None,0,2.5
New York,NE042,New York County 42,40.061290050657455,-75.70535206652758,0.0152,0.0068,C,A,7.5,244.25,Moderate,Low,0,2.0
New York,NE043,New York County 43,39.221047222988695,-73.19817962504176,0.1525,0.0686,C,A,33.4,13575.82,Low,Low,0,3.7
New York,NE044,New York County 44,40.17270520597586,-73.84843283501827,0.3128,0.1408,E,B,35.2,72368.06,Low,High,0,4.5
New York,NE045,New York County 45,44.297530810221346,-76.63600138935645,0.2118,0.0953,D,B,65.6,38403.13,Moderate,Low,0,2.6
New York,NE046,New York County 46,41.21913031686539,-76.14605417019945,0.1035,0.0466,A,A,46.5,8963.86,Moderate,None,0,2.7
New York,NE047,New York County 47,43.5146138037197,-76.11310202337926,0.0147,0.0066,D,A,95.4,190.31,None,Moderate,0,1.6
New York,NE048,New York County 48,40.700529032539414,-77.03373495912888,0.1419,0.0638,C,A,10.0,12642.61,Low,High,0,2.1
New York,NE049,New York County 49,42.13568373823029,-76.74317353144926,0.1625,0.0731,B,A,14.1,20523.38,Moderate,None,0,3.2
New York,NE050,New York County 50,42.87020075578748,-75.96999490444567,0.0003,0.0001,E,A,32.7,0.19,None,Low,0,2.4
New York,NE051,New York County 51,41.3624032200924,-74.6410209143303,0.1594,0.0717,C,A,59.3,23135.82,Low,None,0,3.3
New York,NE052,New York County 52,42.13959136649187,-76.91113958326429,0.378,0.1701,C,B,77.1,69465.08,Very High,Low,0,4.5
New York,NE053,New York County 53,40.04969656175725,-77.44351194035112,0.2677,0.1205,C,B,25.4,43669.3,Moderate,High,0,3.5
New York,NE054,New York County 54,42.04006644339479,-76.92701808120442,0.2957,0.133,E,B,77.3,50739.33,High,Low,0,4.7
New York,NE055,New York County 55,39.62650641155919,-77.80216051445026,0.4199,0.1889,C,B,140.9,125800.78,None,Low,0,5.0
New York,NE056,New York County 56,45.119190458564205,-72.3176885645879,0.1414,0.0636,C,A,24.6,18985.17,Moderate,Moderate,0,3.7
New York,NE057,New York County 57,41.075450556979426,-73.99027248535137,0.1192,0.0537,E,A,0.8,11832.97,Moderate,Moderate,0,4.2
New York,NE058,New York County 58,42.82604998186866,-73.5864609280127,0.0379,0.017,C,A,1.2,1432.23,Low,Moderate,0,2.5
Florida,FL001,Florida County 1,28.318035435888927,-82.126329869975,0.0201,0.0091,C,A,3.4,394.22,Moderate,Low,0,1.7
Florida,FL002,Florida County 2,28.888545589303284,-80.88163452172257,0.2211,0.0995,B,B,138.0,26752.87,High,None,0,4.3
Florida,FL003,Florida County 3,26.610236024198315,-83.68083470840837,0.1017,0.0458,D,A,80.4,8326.9,None,Moderate,0,2.8
Florida,FL004,Florida County 4,25.406563629180198,-83.78602401521218,0.1328,0.0598,D,A,29.5,12199.87,Moderate,None,0,3.1
Florida,FL005,Florida County 5,29.047851297013164,-79.70181200008369,0.0176,0.0079,E,A,16.8,257.52,None,High,0,2.1
Florida,FL006,Florida County 6,28.734679969080258,-84.24521588789662,0.087,0.0391,C,A,44.8,6267.27,None,None,0,3.2
Florida,FL007,Florida County 7,27.33530866604697,-83.89841719542045,0.0373,0.0168,D,A,45.3,1359.87,Moderate,Moderate,0,1.7
Florida,FL008,Florida County 8,27.547875790470677,-81.33709655820343,0.0315,0.0142,E,A,14.6,1175.95,Moderate,None,0,2.1
Florida,FL009,Florida County 9,26.05874571170443,-80.92375239155372,0.0003,0.0001,B,A,45.3,0.16,Moderate,Low,0,2.1
Florida,FL010,Florida County 10,25.051325901972458,-81.27396802509979,0.1778,0.08,C,A,209.0,24338.77,Low,None,0,2.7
Florida,FL011,Florida County 11,27.2106555629902,-83.85673137566957,0.0124,0.0056,D,A,36.4,185.97,High,Low,0,1.7
Florida,FL012,Florida County 12,27.320600631996214,-79.34394294204526,0.0335,0.0151,B,A,121.3,988.33,High,None,0,1.9
Florida,FL013,Florida County 13,28.32954225407888,-80.42980005143102,0.0108,0.0049,D,A,88.2,148.58,Very High,None,0,3.0
Florida,FL014,Florida County 14,25.026159307273787,-84.34547696787344,0.0033,0.0015,D,A,51.1,14.52,Moderate,None,0,2.2
Florida,FL015,Florida County 15,26.268302717621275,-80.66786368765544,0.5539,0.2493,C,C,7.7,132148.36,Moderate,Low,0,6.1
Florida,FL016,Florida County 16,24.837126438876453,-79.45331469507107,0.0005,0.0002,C,A,45.4,0.54,Very High,Moderate,0,2.3
Florida,FL017,Florida County 17,26.375681877446052,-82.94243944622566,0.0181,0.0082,C,A,52.1,261.07,None,Low,0,2.2
Florida,FL018,Florida County 18,29.728128578230688,-79.9086266162427,0.0,0.0,C,A,30.1,0.0,Moderate,Low,0,1.5
Florida,FL019,Florida County 19,27.93385272548626,-78.80178418505227,0.1152,0.0518,D,A,49.3,7435.91,Moderate,Low,0,3.2
Florida,FL020,Florida County 20,26.88305661125902,-82.37671365616092,0.0075,0.0034,B,A,49.2,72.84,Moderate,Moderate,0,2.2
Florida,FL021,Florida County 21,28.992141541278443,-80.64114314164833,0.0,0.0,D,A,48.2,0.0,High,Low,0,1.1
Florida,FL022,Florida County 22,28.21782837900874,-78.65452084663069,0.125,0.0563,A,A,33.3,14868.83,Low,Moderate,0,3.2
Florida,FL023,Florida County 23,25.08999739015958,-83.82074560639927,0.0556,0.025,C,A,2.0,2610.48,Moderate,Low,0,2.6
Florida,FL024,Florida County 24,26.660578858659427,-81.74647747136193,0.2243,0.1009,B,B,79.5,42887.62,Moderate,Moderate,0,3.3
Florida,FL025,Florida County 25,25.439364719193012,-83.26803077264334,0.157,0.0706,C,A,8.7,17091.68,Moderate,Low,0,3.7
Florida,FL026,Florida County 26,28.787147678640864,-81.04794433290078,0.0162,0.0073,C,A,171.8,232.95,Low,None,0,1.9
Florida,FL027,Florida County 27,26.454118585362792,-82.3288331580441,0.3297,0.1484,D,B,38.9,76076.54,Moderate,Low,0,4.7
Florida,FL028,Florida County 28,25.03459376440442,-83.96729661947505,0.1297,0.0584,C,A,145.7,16435.45,Very High,Moderate,0,2.4
Florida,FL029,Florida County 29,26.262540684217768,-83.10960800663722,0.4483,0.2017,C,B,71.9,95637.87,Low,Low,0,5.6
Florida,FL030,Florida County 30,30.641964290988003,-79.15514668211165,1.0062,0.4528,B,D,24.2,484009.86,Moderate,None,1,9.8
Florida,FL031,Florida County 31,28.872381550768083,-83.53490428618474,0.0164,0.0074,E,A,33.6,259.41,Low,Moderate,0,1.4
Florida,FL032,Florida County 32,27.503307641377585,-78.86306548092065,0.7066,0.318,C,C,35.8,259447.64,Low,High,1,7.4
Florida,FL033,Florida County 33,28.517725287011956,-84.0316554681279,0.0122,0.0055,C,A,34.4,168.1,Moderate,Low,0,2.5
Florida,FL034,Florida County 34,30.553129110065985,-83.7770727386424,0.0085,0.0038,D,A,50.5,94.03,None,Moderate,0,2.1
Florida,FL035,Florida County 35,25.73592013468896,-82.97829692279306,0.0237,0.0107,D,A,9.8,506.56,Moderate,None,0,1.7
Florida,FL036,Florida County 36,26.89876000491372,-80.1169327518562,0.1432,0.0644,B,A,104.0,18141.75,Low,None,0,4.1
Florida,FL037,Florida County 37,25.033487613963203,-83.89427577814014,0.0856,0.0385,C,A,70.6,6288.05,Low,High,0,3.6
Florida,FL038,Florida County 38,25.785761632315293,-82.73644372200921,0.02,0.009,C,A,73.3,389.54,Moderate,Moderate,0,1.9
Florida,FL039,Florida County 39,29.627934056275848,-80.14875118358984,0.0008,0.0004,C,A,110.8,1.15,High,None,0,1.8
Florida,FL040,Florida County 40,29.49689883007818,-78.65919494763219,0.1561,0.0702,B,A,17.3,16147.18,Very High,Low,0,3.6
Florida,FL041,Florida County 41,27.44424110952054,-82.43017992410859,0.176,0.0792,E,A,11.1,28446.04,Moderate,None,0,3.9
Florida,FL042,Florida County 42,24.915427947200293,-83.22646308614593,0.1477,0.0665,B,A,190.5,20656.88,Moderate,Moderate,0,3.6
Florida,FL043,Florida County 43,26.423705003111735,-83.18531583365437,0.0909,0.0409,D,A,22.7,8565.13,Moderate,High,0,2.6
Florida,FL044,Florida County 44,28.2146161870389,-80.03288215285482,0.0112,0.005,C,A,35.8,114.19,Low,Low,0,1.8
Florida,FL045,Florida County 45,27.330497124243685,-78.72632203609977,0.0409,0.0184,D,A,0.6,1507.92,Moderate,Moderate,0,2.4
Florida,FL046,Florida County 46,27.28847040287781,-80.14636740257052,0.0535,0.0241,C,A,16.4,2283.95,Moderate,None,0,1.9
Florida,FL047,Florida County 47,30.475930434041192,-81.71208607565661,0.0012,0.0005,D,A,22.4,2.42,High,Low,0,2.0
Florida,FL048,Florida County 48,30.042084856249257,-79.02394607232074,0.04,0.018,D,A,8.9,1760.12,Moderate,Low,0,2.8
Florida,FL049,Florida County 49,27.59768411204628,-83.06280070289344,0.0627,0.0282,D,A,36.2,2505.83,Low,Moderate,0,2.2
Florida,FL050,Florida County 50,25.511858832090546,-79.7859921692935,0.0104,0.0047,D,A,110.1,107.16,None,Low,0,1.8
Florida,FL051,Florida County 51,25.39724767296461,-82.17495212296774,0.225,0.1013,C,B,125.9,35754.56,Low,Low,0,3.4
Florida,FL052,Florida County 52,29.11945316376834,-82.95773819206147,0.0243,0.0109,C,A,68.3,452.75,None,None,0,3.0
Florida,FL053,Florida County 53,26.9664849833477,-80.45290568192812,0.0001,0.0,D,A,36.5,0.01,Low,None,0,2.0
Florida,FL054,Florida County 54,27.821627504403263,-79.53708009083846,0.0,0.0,E,A,78.4,0.0,Moderate,None,0,2.4
Florida,FL055,Florida County 55,30.13806871626563,-82.8849476134883,0.1385,0.0623,B,A,165.2,17733.32,Moderate,Low,0,3.3
Florida,FL056,Florida County 56,26.929479585052366,-79.56273796837118,0.0,0.0,C,A,23.4,0.0,Moderate,None,0,2.0
Florida,FL057,Florida County 57,26.71269043356236,-83.95051866362694,0.013,0.0058,B,A,121.7,201.8,Moderate,Low,0,2.0
Florida,FL058,Florida County 58,30.357994144616324,-80.48886343725383,0.5646,0.2541,A,C,1.0,221076.66,None,Moderate,0,6.5
