femaDeclarationString,disasterNumber,state,declarationType,declarationDate,fyDeclared,incidentType,declarationTitle,ihProgramDeclared,iaProgramDeclared,paProgramDeclared,hmProgramDeclared,incidentBeginDate,incidentEndDate,disasterCloseoutDate,tribalRequest,fipsStateCode,fipsCountyCode,placeCode,designatedArea,declarationRequestNumber,lastIAFilingDate,incidentId,region,designatedIncidentTypes,lastRefresh,hash,id,year,month,incident_duration_days,us_region
DR-1859-AS,1859,AS,DR,2009-09-29 00:00:00+00:00,2009,Earthquake,"EARTHQUAKE,TSUNAMI, AND FLOODING",1,0,1,0,2009-09-29 00:00:00+00:00,2009-10-06 00:00:00+00:00,2025-04-23T00:00:00.000Z,0,60,50,99050,Western (District),9114,2009-11-30T00:00:00.000Z,2009092901,9,A,2025-04-25T11:41:29.109Z,a51228da43d19b738b8b4676442a40044520a0bf,72a02324-a967-46fb-91e1-a31ff8f99cc3,2009,9,7.0,T
DR-1859-AS,1859,AS,DR,2009-09-29 00:00:00+00:00,2009,Earthquake,"EARTHQUAKE,TSUNAMI, AND FLOODING",1,0,1,1,2009-09-29 00:00:00+00:00,2009-10-06 00:00:00+00:00,2025-04-23T00:00:00.000Z,0,60,10,99010,Eastern (District),9114,2009-11-30T00:00:00.000Z,2009092901,9,A,2025-04-25T11:41:29.109Z,24f55152b533045ea0badc25fd116781898518de,aa9211ff-d86a-4190-b1f2-d185c87d76bf,2009,9,7.0,T
DR-1859-AS,1859,AS,DR,2009-09-29 00:00:00+00:00,2009,Earthquake,"EARTHQUAKE,TSUNAMI, AND FLOODING",1,0,1,1,2009-09-29 00:00:00+00:00,2009-10-06 00:00:00+00:00,2025-04-23T00:00:00.000Z,0,60,20,99020,Manu'a (District),9114,2009-11-30T00:00:00.000Z,2009092901,9,A,2025-04-25T11:41:29.109Z,ae910419666d9f68eaae6a1fd43f1d3127a846aa,8048b851-85fe-4dcd-8fc9-b380d8ba9508,2009,9,7.0,T
DR-1859-AS,1859,AS,DR,2009-09-29 00:00:00+00:00,2009,Earthquake,"EARTHQUAKE,TSUNAMI, AND FLOODING",1,0,1,1,2009-09-29 00:00:00+00:00,2009-10-06 00:00:00+00:00,2025-04-23T00:00:00.000Z,0,60,30,99030,Rose Island (Island) (County-equivalent),9114,2009-11-30T00:00:00.000Z,2009092901,9,A,2025-04-25T11:41:29.109Z,917ffc030a80823994329b2ec38df74aa1c675bc,40016715-cae2-47c2-bf10-c97b4e87cd55,2009,9,7.0,T
DR-1859-AS,1859,AS,DR,2009-09-29 00:00:00+00:00,2009,Earthquake,"EARTHQUAKE,TSUNAMI, AND FLOODING",1,0,1,1,2009-09-29 00:00:00+00:00,2009-10-06 00:00:00+00:00,2025-04-23T00:00:00.000Z,0,60,40,99040,Swains Island (Island) (County-equivalent),9114,2009-11-30T00:00:00.000Z,2009092901,9,A,2025-04-25T11:41:29.109Z,cd49f1df742ba2c21436346627e1886cbc1dd676,ba2b4223-a229-4e48-a31b-159cb382bcbb,2009,9,7.0,T
DR-4692-CA,4692,CA,DR,2023-03-08 00:00:00+00:00,2023,Earthquake,EARTHQUAKE,0,0,1,1,2022-12-20 00:00:00+00:00,2023-01-01 00:00:00+00:00,,1,6,0,62564,Rohnerville Rancheria (Indian Reservation),23018,,2022122002,9,E,2024-08-27T18:22:14.800Z,75198a69d335edce602f3b2defae449ef3d822cc,35a5507d-7750-4514-97ed-73f07b6d95cb,2023,3,12.0,W
DR-4548-UT,4548,UT,DR,2020-07-09 00:00:00+00:00,2020,Earthquake,EARTHQUAKE AND AFTERSHOCKS,1,0,0,1,2020-03-18 00:00:00+00:00,2020-04-17 00:00:00+00:00,,0,49,11,99011,Davis (County),20184,2020-09-08T00:00:00.000Z,2020051101,8,,2024-08-27T18:22:14.800Z,f17938e81d91d2cbfb367805171fc6547d6106d9,00a3b18e-6cec-430b-b778-fab963f90175,2020,7,30.0,W
DR-4548-UT,4548,UT,DR,2020-07-09 00:00:00+00:00,2020,Earthquake,EARTHQUAKE AND AFTERSHOCKS,1,0,1,1,2020-03-18 00:00:00+00:00,2020-04-17 00:00:00+00:00,,0,49,35,99035,Salt Lake (County),20184,2020-09-08T00:00:00.000Z,2020051101,8,,2024-08-27T18:22:14.800Z,f078126a639da6b69b4e5518f373a8251496fb4b,90cda165-1d87-4d85-a216-f87d784eb699,2020,7,30.0,W
DR-4473-PR,4473,PR,DR,2020-01-16 00:00:00+00:00,2020,Earthquake,EARTHQUAKES,1,0,0,1,2019-12-28 00:00:00+00:00,2020-07-03 00:00:00+00:00,,0,72,3,99003,Aguada (Municipio),20002,2020-07-02T00:00:00.000Z,2020010701,2,,2024-08-27T18:22:14.800Z,26c245df702cb8e8ce99e7d17df25b05194b9b07,b0871d00-b973-4b13-aafa-407a73b28e0f,2020,1,188.0,T
DR-4473-PR,4473,PR,DR,2020-01-16 00:00:00+00:00,2020,Earthquake,EARTHQUAKES,1,0,0,1,2019-12-28 00:00:00+00:00,2020-07-03 00:00:00+00:00,,0,72,11,99011,Anasco (Municipio),20002,2020-07-02T00:00:00.000Z,2020010701,2,,2024-08-27T18:22:14.800Z,bb6046da14a9b7bb622b632fb066144ecb84026f,cbb03c57-7ceb-411c-9660-f8194ddc79cb,2020,1,188.0,T
DR-4473-PR,4473,PR,DR,2020-01-16 00:00:00+00:00,2020,Earthquake,EARTHQUAKES,1,0,0,1,2019-12-28 00:00:00+00:00,2020-07-03 00:00:00+00:00,,0,72,13,99013,Arecibo (Municipio),20002,2020-07-02T00:00:00.000Z,2020010701,2,,2024-08-27T18:22:14.800Z,b6e4825e87e7336299cbf88462a8941eecf7a1e5,383e1b8e-151a-49f9-a7a9-c3625e7e9744,2020,1,188.0,T
DR-4473-PR,4473,PR,DR,2020-01-16 00:00:00+00:00,2020,Earthquake,EARTHQUAKES,1,0,0,1,2019-12-28 00:00:00+00:00,2020-07-03 00:00:00+00:00,,0,72,17,99017,Barceloneta (Municipio),20002,2020-07-02T00:00:00.000Z,2020010701,2,,2024-08-27T18:22:14.800Z,922cef1b18fc37e51706a731072233168c064dff,8939c7fd-81b4-4fb9-8fd4-39f4c8eacb82,2020,1,188.0,T
DR-4473-PR,4473,PR,DR,2020-01-16 00:00:00+00:00,2020,Earthquake,EARTHQUAKES,1,0,0,1,2019-12-28 00:00:00+00:00,2020-07-03 00:00:00+00:00,,0,72,23,99023,Cabo Rojo (Municipio),20002,2020-07-02T00:00:00.000Z,2020010701,2,,2024-08-27T18:22:14.800Z,9b3437733f20fca9e6e4e5fde58c48d78f2bf2b6,04c41932-cba7-4599-8378-b76a28ba0803,2020,1,188.0,T
DR-4473-PR,4473,PR,DR,2020-01-16 00:00:00+00:00,2020,Earthquake,EARTHQUAKES,1,0,0,1,2019-12-28 00:00:00+00:00,2020-07-03 00:00:00+00:00,,0,72,39,99039,Ciales (Municipio),20002,2020-07-02T00:00:00.000Z,2020010701,2,,2024-08-27T18:22:14.800Z,68db643e7d1d325662afd0688a6a4c16ccab3211,299d6e81-7103-4123-8896-5dfcdf694d84,2020,1,188.0,T
DR-4473-PR,4473,PR,DR,2020-01-16 00:00:00+00:00,2020,Earthquake,EARTHQUAKES,1,0,0,1,2019-12-28 00:00:00+00:00,2020-07-03 00:00:00+00:00,,0,72,43,99043,Coamo (Municipio),20002,2020-07-02T00:00:00.000Z,2020010701,2,,2024-08-27T18:22:14.800Z,a5c53a8cc9a5a1ea3f8a06fda02295074164a69b,988fa4a2-5fb0-46d0-93a6-d5065cb1a113,2020,1,188.0,T
DR-4473-PR,4473,PR,DR,2020-01-16 00:00:00+00:00,2020,Earthquake,EARTHQUAKES,1,0,0,1,2019-12-28 00:00:00+00:00,2020-07-03 00:00:00+00:00,,0,72,47,99047,Corozal (Municipio),20002,2020-07-02T00:00:00.000Z,2020010701,2,,2024-08-27T18:22:14.800Z,b4fae5ac198c28ed983f12334ae27e179603a009,dd2d20ca-0b2f-4f5a-a449-cbcdbb95a6cf,2020,1,188.0,T
DR-4473-PR,4473,PR,DR,2020-01-16 00:00:00+00:00,2020,Earthquake,EARTHQUAKES,1,0,0,1,2019-12-28 00:00:00+00:00,2020-07-03 00:00:00+00:00,,0,72,67,99067,Hormigueros (Municipio),20002,2020-07-02T00:00:00.000Z,2020010701,2,,2024-08-27T18:22:14.800Z,c1692d98a2c45a55aeb3e7b974a04c8a19500c6f,3a05a0c7-992b-4a4b-bd07-f34a307a3ed7,2020,1,188.0,T
DR-4473-PR,4473,PR,DR,2020-01-16 00:00:00+00:00,2020,Earthquake,EARTHQUAKES,1,0,0,1,2019-12-28 00:00:00+00:00,2020-07-03 00:00:00+00:00,,0,72,81,99081,Lares (Municipio),20002,2020-07-02T00:00:00.000Z,2020010701,2,,2024-08-27T18:22:14.800Z,a5ea789830493b2bcca2b91dd32d8610d65770ca,8ef1afd5-e647-48b1-a37f-653811f3ee58,2020,1,188.0,T
DR-4473-PR,4473,PR,DR,2020-01-16 00:00:00+00:00,2020,Earthquake,EARTHQUAKES,1,0,0,1,2019-12-28 00:00:00+00:00,2020-07-03 00:00:00+00:00,,0,72,93,99093,Maricao (Municipio),20002,2020-07-02T00:00:00.000Z,2020010701,2,,2024-08-27T18:22:14.800Z,168849bbcb4562e491409dce18349fd7595a3ec6,102efcb0-6bff-46d7-ae06-24ae3d1b6974,2020,1,188.0,T
DR-4473-PR,4473,PR,DR,2020-01-16 00:00:00+00:00,2020,Earthquake,EARTHQUAKES,1,0,0,1,2019-12-28 00:00:00+00:00,2020-07-03 00:00:00+00:00,,0,72,99,99099,Moca (Municipio),20002,2020-07-02T00:00:00.000Z,2020010701,2,,2024-08-27T18:22:14.800Z,75f1ee0fdac55b406bfe23497c8a914a3fb90dd3,fa8c98f8-544a-4d57-ae54-989710605bd4,2020,1,188.0,T
DR-4473-PR,4473,PR,DR,2020-01-16 00:00:00+00:00,2020,Earthquake,EARTHQUAKES,1,0,0,1,2019-12-28 00:00:00+00:00,2020-07-03 00:00:00+00:00,,0,72,101,99101,Morovis (Municipio),20002,2020-07-02T00:00:00.000Z,2020010701,2,,2024-08-27T18:22:14.800Z,4c0a94d524d65677625f578fa8927a3c7505d6a6,13ab70d7-3e9a-43fc-8b12-d06b78762b79,2020,1,188.0,T
DR-4473-PR,4473,PR,DR,2020-01-16 00:00:00+00:00,2020,Earthquake,EARTHQUAKES,1,0,0,1,2019-12-28 00:00:00+00:00,2020-07-03 00:00:00+00:00,,0,72,105,99105,Naranjito (Municipio),20002,2020-07-02T00:00:00.000Z,2020010701,2,,2024-08-27T18:22:14.800Z,771111d441b8893c4e14687001d14f93f62d954f,f9af8672-0d26-46af-8bca-77410f9a25f2,2020,1,188.0,T
DR-4473-PR,4473,PR,DR,2020-01-16 00:00:00+00:00,2020,Earthquake,EARTHQUAKES,1,0,0,1,2019-12-28 00:00:00+00:00,2020-07-03 00:00:00+00:00,,0,72,107,99107,Orocovis (Municipio),20002,2020-07-02T00:00:00.000Z,2020010701,2,,2024-08-27T18:22:14.800Z,d3aa677d6da6f55f3e40465d6cf6d9e6a6effec9,42971c95-09a8-4070-b8b7-021d61b42f05,2020,1,188.0,T
DR-4473-PR,4473,PR,DR,2020-01-16 00:00:00+00:00,2020,Earthquake,EARTHQUAKES,1,0,0,1,2019-12-28 00:00:00+00:00,2020-07-03 00:00:00+00:00,,0,72,117,99117,Rincon (Municipio),20002,2020-07-02T00:00:00.000Z,2020010701,2,,2024-08-27T18:22:14.800Z,3d556ca8d43241b1ac9a65b9329ba9d97324ecb8,5f74da99-06b5-4ff1-bd67-ddbbf55477be,2020,1,188.0,T
DR-4473-PR,4473,PR,DR,2020-01-16 00:00:00+00:00,2020,Earthquake,EARTHQUAKES,1,0,0,1,2019-12-28 00:00:00+00:00,2020-07-03 00:00:00+00:00,,0,72,123,99123,Salinas (Municipio),20002,2020-07-02T00:00:00.000Z,2020010701,2,,2024-08-27T18:22:14.800Z,d2474cc9b7a831686a5cba703a33ee82fecdc8e8,3bd7e2f2-4a84-46ad-ae46-a82ab9df8f5d,2020,1,188.0,T
DR-4473-PR,4473,PR,DR,2020-01-16 00:00:00+00:00,2020,Earthquake,EARTHQUAKES,1,0,0,1,2019-12-28 00:00:00+00:00,2020-07-03 00:00:00+00:00,,0,72,131,99131,San Sebastian (Municipio),20002,2020-07-02T00:00:00.000Z,2020010701,2,,2024-08-27T18:22:14.800Z,3f88490372e0a4b0e94bb7d9fca46869626f19d1,abfdf585-ea60-4e79-aa62-d85f20a8baec,2020,1,188.0,T
DR-4473-PR,4473,PR,DR,2020-01-16 00:00:00+00:00,2020,Earthquake,EARTHQUAKES,1,0,0,1,2019-12-28 00:00:00+00:00,2020-07-03 00:00:00+00:00,,0,72,133,99133,Santa Isabel (Municipio),20002,2020-07-02T00:00:00.000Z,2020010701,2,,2024-08-27T18:22:14.800Z,a8bb5de1f8987d825363a69cf8edfce130fef935,33bc1ba3-7c28-45b5-9231-e360c8f7c697,2020,1,188.0,T
DR-4473-PR,4473,PR,DR,2020-01-16 00:00:00+00:00,2020,Earthquake,EARTHQUAKES,1,0,0,1,2019-12-28 00:00:00+00:00,2020-07-03 00:00:00+00:00,,0,72,149,99149,Villalba (Municipio),20002,2020-07-02T00:00:00.000Z,2020010701,2,,2024-08-27T18:22:14.800Z,54e761311942208f3f85d91592ff1223c5a7d48b,6e3635a1-58d1-47dd-bf11-93778e422714,2020,1,188.0,T
DR-4473-PR,4473,PR,DR,2020-01-16 00:00:00+00:00,2020,Earthquake,EARTHQUAKES,1,0,1,1,2019-12-28 00:00:00+00:00,2020-07-03 00:00:00+00:00,,0,72,1,99001,Adjuntas (Municipio),20002,2020-07-02T00:00:00.000Z,2020010701,2,,2024-08-27T18:22:14.800Z,dc3593e03f925d15476035256b7ed9218cb8b826,9722071e-cee3-4c7d-b05f-814aa7c8f7a6,2020,1,188.0,T
DR-4473-PR,4473,PR,DR,2020-01-16 00:00:00+00:00,2020,Earthquake,EARTHQUAKES,1,0,1,1,2019-12-28 00:00:00+00:00,2020-07-03 00:00:00+00:00,,0,72,55,99055,Guanica (Municipio),20002,2020-07-02T00:00:00.000Z,2020010701,2,,2024-08-27T18:22:14.800Z,90eea15f1f84f10abc7e4744a0feccb063066993,fd1127ec-b215-4c1f-9187-1b9c5531c15d,2020,1,188.0,T
DR-4473-PR,4473,PR,DR,2020-01-16 00:00:00+00:00,2020,Earthquake,EARTHQUAKES,1,0,1,1,2019-12-28 00:00:00+00:00,2020-07-03 00:00:00+00:00,,0,72,59,99059,Guayanilla (Municipio),20002,2020-07-02T00:00:00.000Z,2020010701,2,,2024-08-27T18:22:14.800Z,3061ce64dbe2585abec10718076c56c69ee1fd91,e13435d0-3369-4f0a-883c-b92b5ec07098,2020,1,188.0,T
DR-4473-PR,4473,PR,DR,2020-01-16 00:00:00+00:00,2020,Earthquake,EARTHQUAKES,1,0,1,1,2019-12-28 00:00:00+00:00,2020-07-03 00:00:00+00:00,,0,72,73,99073,Jayuya (Municipio),20002,2020-07-02T00:00:00.000Z,2020010701,2,,2024-08-27T18:22:14.800Z,c6ff4fc0eb8ba60e4413ad336db4609dbf2e7a2c,7d441a26-80fe-4e87-8d23-9d3a05c543f1,2020,1,188.0,T
DR-4473-PR,4473,PR,DR,2020-01-16 00:00:00+00:00,2020,Earthquake,EARTHQUAKES,1,0,1,1,2019-12-28 00:00:00+00:00,2020-07-03 00:00:00+00:00,,0,72,75,99075,Juana Diaz (Municipio),20002,2020-07-02T00:00:00.000Z,2020010701,2,,2024-08-27T18:22:14.800Z,db7ee90a8ff1c62d77eb39a396baacd3505e4bd2,3c392047-2763-462b-859b-8dbe490108ad,2020,1,188.0,T
DR-4473-PR,4473,PR,DR,2020-01-16 00:00:00+00:00,2020,Earthquake,EARTHQUAKES,1,0,1,1,2019-12-28 00:00:00+00:00,2020-07-03 00:00:00+00:00,,0,72,79,99079,Lajas (Municipio),20002,2020-07-02T00:00:00.000Z,2020010701,2,,2024-08-27T18:22:14.800Z,750bab62bb78da486b3dce45dc0ace72fcecc12b,1167d26c-9c72-4c59-a1ad-c305c3432eee,2020,1,188.0,T
DR-4473-PR,4473,PR,DR,2020-01-16 00:00:00+00:00,2020,Earthquake,EARTHQUAKES,1,0,1,1,2019-12-28 00:00:00+00:00,2020-07-03 00:00:00+00:00,,0,72,83,99083,Las Marias (Municipio),20002,2020-07-02T00:00:00.000Z,2020010701,2,,2024-08-27T18:22:14.800Z,3a15d9b5582a384177f5e87e8dbaaafa12c21405,7bdb568b-86bf-4373-bf9c-134538f037ef,2020,1,188.0,T
DR-4473-PR,4473,PR,DR,2020-01-16 00:00:00+00:00,2020,Earthquake,EARTHQUAKES,1,0,1,1,2019-12-28 00:00:00+00:00,2020-07-03 00:00:00+00:00,,0,72,97,99097,Mayaguez (Municipio),20002,2020-07-02T00:00:00.000Z,2020010701,2,,2024-08-27T18:22:14.800Z,0fe03f769161035d716f1654a763c2085dd1d749,2e3d1c10-da67-43ec-abf3-d0516fbf4abb,2020,1,188.0,T
DR-4473-PR,4473,PR,DR,2020-01-16 00:00:00+00:00,2020,Earthquake,EARTHQUAKES,1,0,1,1,2019-12-28 00:00:00+00:00,2020-07-03 00:00:00+00:00,,0,72,111,99111,Penuelas (Municipio),20002,2020-07-02T00:00:00.000Z,2020010701,2,,2024-08-27T18:22:14.800Z,7ab559764d36ff6487c91c7ba9e7503958674766,3d3892b5-c10d-448f-9b71-3da64a743be1,2020,1,188.0,T
DR-4473-PR,4473,PR,DR,2020-01-16 00:00:00+00:00,2020,Earthquake,EARTHQUAKES,1,0,1,1,2019-12-28 00:00:00+00:00,2020-07-03 00:00:00+00:00,,0,72,113,99113,Ponce (Municipio),20002,2020-07-02T00:00:00.000Z,2020010701,2,,2024-08-27T18:22:14.800Z,7d604eab1d5ea8a80bf2666e6221f61c284abaef,90d4701c-de21-4c0e-bf97-f111092e4d5a,2020,1,188.0,T
DR-4473-PR,4473,PR,DR,2020-01-16 00:00:00+00:00,2020,Earthquake,EARTHQUAKES,1,0,1,1,2019-12-28 00:00:00+00:00,2020-07-03 00:00:00+00:00,,0,72,121,99121,Sabana Grande (Municipio),20002,2020-07-02T00:00:00.000Z,2020010701,2,,2024-08-27T18:22:14.800Z,954537a3a5b6012cfc9d8d59b5fead33f5ed8bf2,2909766e-6492-4bbd-a67f-969b66721e8b,2020,1,188.0,T
DR-4473-PR,4473,PR,DR,2020-01-16 00:00:00+00:00,2020,Earthquake,EARTHQUAKES,1,0,1,1,2019-12-28 00:00:00+00:00,2020-07-03 00:00:00+00:00,,0,72,125,99125,San German (Municipio),20002,2020-07-02T00:00:00.000Z,2020010701,2,,2024-08-27T18:22:14.800Z,bb9877c46280b7ab07d12f7902aa5c9b07974316,cf1f645e-9594-41ff-90dc-c4bb439a77f9,2020,1,188.0,T
DR-4473-PR,4473,PR,DR,2020-01-16 00:00:00+00:00,2020,Earthquake,EARTHQUAKES,1,0,1,1,2019-12-28 00:00:00+00:00,2020-07-03 00:00:00+00:00,,0,72,141,99141,Utuado (Municipio),20002,2020-07-02T00:00:00.000Z,2020010701,2,,2024-08-27T18:22:14.800Z,05f3a8ffd601e5dea31981f253eeaaa51561c47f,421d7154-d230-4537-a198-2c59ee89ce4d,2020,1,188.0,T
DR-4473-PR,4473,PR,DR,2020-01-16 00:00:00+00:00,2020,Earthquake,EARTHQUAKES,1,0,1,1,2019-12-28 00:00:00+00:00,2020-07-03 00:00:00+00:00,,0,72,153,99153,Yauco (Municipio),20002,2020-07-02T00:00:00.000Z,2020010701,2,,2024-08-27T18:22:14.800Z,5d6878097df54f6ee92db77d8de0f431d48d8e4f,8eb729eb-f93e-406b-85f8-b6d5d2fd715f,2020,1,188.0,T
DR-4413-AK,4413,AK,DR,2019-01-31 00:00:00+00:00,2019,Earthquake,EARTHQUAKE,1,0,1,1,2018-11-30 00:00:00+00:00,2018-11-30 00:00:00+00:00,,0,2,20,99020,Anchorage (Borough),19001,2019-05-31T00:00:00.000Z,2018113001,10,,2024-08-27T18:22:14.800Z,9826364d42baa579fa0c3d49c23e9e3fcd2cb649,f022460b-12fa-4f23-9a41-38c2dd5a36ce,2019,1,0.0,W
DR-4413-AK,4413,AK,DR,2019-01-31 00:00:00+00:00,2019,Earthquake,EARTHQUAKE,1,0,1,1,2018-11-30 00:00:00+00:00,2018-11-30 00:00:00+00:00,,0,2,122,99122,Kenai Peninsula (Borough),19001,2019-05-31T00:00:00.000Z,2018113001,10,,2024-08-27T18:22:14.800Z,82f083a32815358f637f8ffe2983bb54abb37416,19f1e96c-9c2e-4970-9c00-aa74310b9ee6,2019,1,0.0,W
DR-4413-AK,4413,AK,DR,2019-01-31 00:00:00+00:00,2019,Earthquake,EARTHQUAKE,1,0,1,1,2018-11-30 00:00:00+00:00,2018-11-30 00:00:00+00:00,,0,2,170,99170,Matanuska-Susitna (Borough),19001,2019-05-31T00:00:00.000Z,2018113001,10,,2024-08-27T18:22:14.800Z,1e896a27a5d924a063f7c7db44e7324819140e52,7cf803d3-e497-4cf6-87e5-d6c0e39f083f,2019,1,0.0,W
DR-4193-CA,4193,CA,DR,2014-09-11 00:00:00+00:00,2014,Earthquake,EARTHQUAKE,1,0,1,1,2014-08-24 00:00:00+00:00,2014-09-07 00:00:00+00:00,,0,6,55,99055,Napa (County),14076,2014-12-29T00:00:00.000Z,2014082401,9,,2024-08-27T18:22:14.800Z,bcc31f7cecc6b72679f6b48e8e869c24b2641e0a,140f4da4-f31f-49dc-b0c4-e25dcff0ade9,2014,9,14.0,W
DR-4193-CA,4193,CA,DR,2014-09-11 00:00:00+00:00,2014,Earthquake,EARTHQUAKE,1,0,1,1,2014-08-24 00:00:00+00:00,2014-09-07 00:00:00+00:00,,0,6,95,99095,Solano (County),14076,2014-12-29T00:00:00.000Z,2014082401,9,,2024-08-27T18:22:14.800Z,f13a762f08ffa99e6d065d6a7a6052a7279a1ce9,9df79f21-4b1a-4a51-9da1-32d615ed753b,2014,9,14.0,W
DR-4044-DC,4044,DC,DR,2011-11-08 00:00:00+00:00,2012,Earthquake,EARTHQUAKE,0,0,1,1,2011-08-23 00:00:00+00:00,2011-08-28 00:00:00+00:00,2020-04-04T00:00:00.000Z,0,11,1,99001,District of Columbia (County-equivalent),11254,,2011082404,3,,2024-08-27T18:22:14.800Z,3b6bfd60bc6d174b2ee5b3b997f671fe9f928746,3d5a205b-2120-443c-9baf-69470401bdfc,2011,11,5.0,S
DR-4042-VA,4042,VA,DR,2011-11-04 00:00:00+00:00,2012,Earthquake,EARTHQUAKE,0,0,1,1,2011-08-23 00:00:00+00:00,2011-10-25 00:00:00+00:00,2020-08-25T00:00:00.000Z,0,51,131,99131,Northampton (County),11246,2012-03-05T00:00:00.000Z,2011082404,3,,2024-08-27T18:22:14.800Z,252767d7a14165345a37234fc70afbc61bc571b2,10113115-0ea7-4d1d-bad2-012e3ce82eb4,2011,11,63.0,S
DR-4042-VA,4042,VA,DR,2011-11-04 00:00:00+00:00,2012,Earthquake,EARTHQUAKE,1,0,0,1,2011-08-23 00:00:00+00:00,2011-10-25 00:00:00+00:00,2020-08-25T00:00:00.000Z,0,51,3,99003,Albemarle (County),11246,2012-03-05T00:00:00.000Z,2011082404,3,,2024-08-27T18:22:14.800Z,58d01ee40a09db8c47106cbb1ea353a7a9b38138,cd85d513-aaf9-4610-aa7f-06d3d770ee83,2011,11,63.0,S
DR-4042-VA,4042,VA,DR,2011-11-04 00:00:00+00:00,2012,Earthquake,EARTHQUAKE,1,0,0,1,2011-08-23 00:00:00+00:00,2011-10-25 00:00:00+00:00,2020-08-25T00:00:00.000Z,0,51,65,99065,Fluvanna (County),11246,2012-03-05T00:00:00.000Z,2011082404,3,,2024-08-27T18:22:14.800Z,0f8858cacd17827ccbdd31d51a8e985b7c9d6885,5dcc1a41-fa9d-4e00-81fa-8aa015ac0836,2011,11,63.0,S
DR-4042-VA,4042,VA,DR,2011-11-04 00:00:00+00:00,2012,Earthquake,EARTHQUAKE,1,0,0,1,2011-08-23 00:00:00+00:00,2011-10-25 00:00:00+00:00,2020-08-25T00:00:00.000Z,0,51,75,99075,Goochland (County),11246,2012-03-05T00:00:00.000Z,2011082404,3,,2024-08-27T18:22:14.800Z,325309a4a1c45d1a37723a24e996cbbf6388fd17,5466752a-a999-4d1c-934d-e4db7cb7a328,2011,11,63.0,S
DR-4042-VA,4042,VA,DR,2011-11-04 00:00:00+00:00,2012,Earthquake,EARTHQUAKE,1,0,0,1,2011-08-23 00:00:00+00:00,2011-10-25 00:00:00+00:00,2020-08-25T00:00:00.000Z,0,51,99,99099,King George (County),11246,2012-03-05T00:00:00.000Z,2011082404,3,,2024-08-27T18:22:14.800Z,0a814e02b1566640cce792205cb04880a5e508b2,96bb8626-b906-4560-82d1-722e19460746,2011,11,63.0,S
DR-4042-VA,4042,VA,DR,2011-11-04 00:00:00+00:00,2012,Earthquake,EARTHQUAKE,1,0,0,1,2011-08-23 00:00:00+00:00,2011-10-25 00:00:00+00:00,2020-08-25T00:00:00.000Z,0,51,137,99137,Orange (County),11246,2012-03-05T00:00:00.000Z,2011082404,3,,2024-08-27T18:22:14.800Z,3afa6265044c4e8069b97c400d68baf005eb89f5,45437c4c-066f-4f90-8572-1a6879b26347,2011,11,63.0,S
DR-4042-VA,4042,VA,DR,2011-11-04 00:00:00+00:00,2012,Earthquake,EARTHQUAKE,1,0,1,1,2011-08-23 00:00:00+00:00,2011-10-25 00:00:00+00:00,2020-08-25T00:00:00.000Z,0,51,47,99047,Culpeper (County),11246,2012-03-05T00:00:00.000Z,2011082404,3,,2024-08-27T18:22:14.800Z,9bb132bd28d9ad988d0c063b09cbd308c4914847,ef5619fd-d976-4a56-b164-3b921255a7ea,2011,11,63.0,S
DR-4042-VA,4042,VA,DR,2011-11-04 00:00:00+00:00,2012,Earthquake,EARTHQUAKE,1,0,1,1,2011-08-23 00:00:00+00:00,2011-10-25 00:00:00+00:00,2020-08-25T00:00:00.000Z,0,51,109,99109,Louisa (County),11246,2012-03-05T00:00:00.000Z,2011082404,3,,2024-08-27T18:22:14.800Z,6722224d0818d31edec13bd8f7d008b31f3f38ee,71070938-8823-4930-b3b1-18bac67d4d06,2011,11,63.0,S
DR-4042-VA,4042,VA,DR,2011-11-04 00:00:00+00:00,2012,Earthquake,EARTHQUAKE,1,0,1,1,2011-08-23 00:00:00+00:00,2011-10-25 00:00:00+00:00,2020-08-25T00:00:00.000Z,0,51,177,99177,Spotsylvania (County),11246,2012-03-05T00:00:00.000Z,2011082404,3,,2024-08-27T18:22:14.800Z,4cb3b7cf025077e5fcffdb5bbbb1572afc811116,cff5af0b-5947-47ff-abcb-db27a6d66aec,2011,11,63.0,S
DR-4042-VA,4042,VA,DR,2011-11-04 00:00:00+00:00,2012,Earthquake,EARTHQUAKE,1,0,1,1,2011-08-23 00:00:00+00:00,2011-10-25 00:00:00+00:00,2020-08-25T00:00:00.000Z,0,51,630,29744,Fredericksburg,11246,2012-03-05T00:00:00.000Z,2011082404,3,,2024-08-27T18:22:14.800Z,a09a8bf9fb387150ce1ee1c0d57de608e730d98c,a552db89-785f-462b-a8a5-588cd844f2e1,2011,11,63.0,S
EM-3426-PR,3426,PR,EM,2020-01-07 00:00:00+00:00,2020,Earthquake,EARTHQUAKES,0,0,1,0,2019-12-28 00:00:00+00:00,2020-02-04 00:00:00+00:00,2022-04-20T00:00:00.000Z,0,72,1,99001,Adjuntas (Municipio),20001,,2020010701,2,,2024-08-27T18:22:14.800Z,2496df28d65885ea9ef942312220a03132c16303,c6cabc1e-4fed-4c1b-a87f-049e6a27d12b,2020,1,38.0,T
EM-3426-PR,3426,PR,EM,2020-01-07 00:00:00+00:00,2020,Earthquake,EARTHQUAKES,0,0,1,0,2019-12-28 00:00:00+00:00,2020-02-04 00:00:00+00:00,2022-04-20T00:00:00.000Z,0,72,3,99003,Aguada (Municipio),20001,,2020010701,2,,2024-08-27T18:22:14.800Z,4469a51da368bc2861811c9d9f5c1a3987568d93,49046408-775a-4979-9b85-c57085d4f949,2020,1,38.0,T
EM-3426-PR,3426,PR,EM,2020-01-07 00:00:00+00:00,2020,Earthquake,EARTHQUAKES,0,0,1,0,2019-12-28 00:00:00+00:00,2020-02-04 00:00:00+00:00,2022-04-20T00:00:00.000Z,0,72,5,99005,Aguadilla (Municipio),20001,,2020010701,2,,2024-08-27T18:22:14.800Z,246916d4140ffc7eb34683168b4c8793c5462389,d784c98a-e374-4df8-9a7f-c693116e6949,2020,1,38.0,T
EM-3426-PR,3426,PR,EM,2020-01-07 00:00:00+00:00,2020,Earthquake,EARTHQUAKES,0,0,1,0,2019-12-28 00:00:00+00:00,2020-02-04 00:00:00+00:00,2022-04-20T00:00:00.000Z,0,72,7,99007,Aguas Buenas (Municipio),20001,,2020010701,2,,2024-08-27T18:22:14.800Z,d753f12462a49d3156a76976b364e91dd71af17e,3cf34edc-5383-41c3-9595-829f8a3074c0,2020,1,38.0,T
EM-3426-PR,3426,PR,EM,2020-01-07 00:00:00+00:00,2020,Earthquake,EARTHQUAKES,0,0,1,0,2019-12-28 00:00:00+00:00,2020-02-04 00:00:00+00:00,2022-04-20T00:00:00.000Z,0,72,9,99009,Aibonito (Municipio),20001,,2020010701,2,,2024-08-27T18:22:14.800Z,c01283d93aaf9e52b80cbb5034a347c3520c5cfa,e6cbe9d4-3117-4f47-a74a-cbee00f4cdd6,2020,1,38.0,T
EM-3426-PR,3426,PR,EM,2020-01-07 00:00:00+00:00,2020,Earthquake,EARTHQUAKES,0,0,1,0,2019-12-28 00:00:00+00:00,2020-02-04 00:00:00+00:00,2022-04-20T00:00:00.000Z,0,72,11,99011,Anasco (Municipio),20001,,2020010701,2,,2024-08-27T18:22:14.800Z,867d21114f79ae2dd72488f872d6fe9d378b151b,12cdcd1b-4e3a-4dfe-8e8a-e117d97858d3,2020,1,38.0,T
EM-3426-PR,3426,PR,EM,2020-01-07 00:00:00+00:00,2020,Earthquake,EARTHQUAKES,0,0,1,0,2019-12-28 00:00:00+00:00,2020-02-04 00:00:00+00:00,2022-04-20T00:00:00.000Z,0,72,13,99013,Arecibo (Municipio),20001,,2020010701,2,,2024-08-27T18:22:14.800Z,7e664bae7b9a1e2ddfaaba0cbd8b74f18e63ad23,5412454a-9f43-4ddf-84ae-f3500559b445,2020,1,38.0,T
EM-3426-PR,3426,PR,EM,2020-01-07 00:00:00+00:00,2020,Earthquake,EARTHQUAKES,0,0,1,0,2019-12-28 00:00:00+00:00,2020-02-04 00:00:00+00:00,2022-04-20T00:00:00.000Z,0,72,15,99015,Arroyo (Municipio),20001,,2020010701,2,,2024-08-27T18:22:14.800Z,938b1a06b8aebf78e85ed6575eba4766c505287e,f798707f-ddd1-48b1-8ad8-3346505403c4,2020,1,38.0,T
EM-3426-PR,3426,PR,EM,2020-01-07 00:00:00+00:00,2020,Earthquake,EARTHQUAKES,0,0,1,0,2019-12-28 00:00:00+00:00,2020-02-04 00:00:00+00:00,2022-04-20T00:00:00.000Z,0,72,17,99017,Barceloneta (Municipio),20001,,2020010701,2,,2024-08-27T18:22:14.800Z,7f787b03faf21ca91d3c5f28ec69a636f90e5a0d,f8096b1b-b3d8-49a1-a6b3-a364227fec2e,2020,1,38.0,T
EM-3426-PR,3426,PR,EM,2020-01-07 00:00:00+00:00,2020,Earthquake,EARTHQUAKES,0,0,1,0,2019-12-28 00:00:00+00:00,2020-02-04 00:00:00+00:00,2022-04-20T00:00:00.000Z,0,72,19,99019,Barranquitas (Municipio),20001,,2020010701,2,,2024-08-27T18:22:14.800Z,eb1357afc141ea04bfd87a109518d9a5aa9eb284,71eccecc-55d8-439c-82af-dbfdd68450b6,2020,1,38.0,T
EM-3426-PR,3426,PR,EM,2020-01-07 00:00:00+00:00,2020,Earthquake,EARTHQUAKES,0,0,1,0,2019-12-28 00:00:00+00:00,2020-02-04 00:00:00+00:00,2022-04-20T00:00:00.000Z,0,72,21,99021,Bayamon (Municipio),20001,,2020010701,2,,2024-08-27T18:22:14.800Z,9e7f80c01eaeeb556c6e8b688dc4c18f8463690e,e97ee015-9538-48dd-9de3-06ade2f89e7a,2020,1,38.0,T
EM-3426-PR,3426,PR,EM,2020-01-07 00:00:00+00:00,2020,Earthquake,EARTHQUAKES,0,0,1,0,2019-12-28 00:00:00+00:00,2020-02-04 00:00:00+00:00,2022-04-20T00:00:00.000Z,0,72,23,99023,Cabo Rojo (Municipio),20001,,2020010701,2,,2024-08-27T18:22:14.800Z,d755d14ab43ed0c90c41abb1b72f7ed6d6fe43b0,1d3ce73a-e06c-427d-b56c-1b1891296490,2020,1,38.0,T
EM-3426-PR,3426,PR,EM,2020-01-07 00:00:00+00:00,2020,Earthquake,EARTHQUAKES,0,0,1,0,2019-12-28 00:00:00+00:00,2020-02-04 00:00:00+00:00,2022-04-20T00:00:00.000Z,0,72,25,99025,Caguas (Municipio),20001,,2020010701,2,,2024-08-27T18:22:14.800Z,6a2b1fbd65f8b151f3f2978707b190579908ca57,f86bc484-470e-4219-8e4b-dda29a907586,2020,1,38.0,T
EM-3426-PR,3426,PR,EM,2020-01-07 00:00:00+00:00,2020,Earthquake,EARTHQUAKES,0,0,1,0,2019-12-28 00:00:00+00:00,2020-02-04 00:00:00+00:00,2022-04-20T00:00:00.000Z,0,72,27,99027,Camuy (Municipio),20001,,2020010701,2,,2024-08-27T18:22:14.800Z,f216433150cae957ef308b27c796999b1f3e6638,da3c9477-62c4-4b7c-bb0b-a88ada61abb6,2020,1,38.0,T
EM-3426-PR,3426,PR,EM,2020-01-07 00:00:00+00:00,2020,Earthquake,EARTHQUAKES,0,0,1,0,2019-12-28 00:00:00+00:00,2020-02-04 00:00:00+00:00,2022-04-20T00:00:00.000Z,0,72,29,99029,Canovanas (Municipio),20001,,2020010701,2,,2024-08-27T18:22:14.800Z,4a315784477e94b562e64157a35a3764e1eb6337,2136d1e8-7ea8-4faa-b449-01f6ad8816a8,2020,1,38.0,T
EM-3426-PR,3426,PR,EM,2020-01-07 00:00:00+00:00,2020,Earthquake,EARTHQUAKES,0,0,1,0,2019-12-28 00:00:00+00:00,2020-02-04 00:00:00+00:00,2022-04-20T00:00:00.000Z,0,72,31,99031,Carolina (Municipio),20001,,2020010701,2,,2024-08-27T18:22:14.800Z,89446e61cc27f3e65f2d1e5670d9b4a069520f3a,69480fa0-17de-4401-9d6e-d85c7da3639a,2020,1,38.0,T
EM-3426-PR,3426,PR,EM,2020-01-07 00:00:00+00:00,2020,Earthquake,EARTHQUAKES,0,0,1,0,2019-12-28 00:00:00+00:00,2020-02-04 00:00:00+00:00,2022-04-20T00:00:00.000Z,0,72,33,99033,Catano (Municipio),20001,,2020010701,2,,2024-08-27T18:22:14.800Z,079d0019b132eaf4e9241e6309deac6feed52d35,b85b5beb-f344-4ff6-a361-351b4f5c2d68,2020,1,38.0,T
EM-3426-PR,3426,PR,EM,2020-01-07 00:00:00+00:00,2020,Earthquake,EARTHQUAKES,0,0,1,0,2019-12-28 00:00:00+00:00,2020-02-04 00:00:00+00:00,2022-04-20T00:00:00.000Z,0,72,35,99035,Cayey (Municipio),20001,,2020010701,2,,2024-08-27T18:22:14.800Z,8c841043e207795e42585aed62a016a409d487f3,36c5c811-b333-43c1-9132-b3b0545c8864,2020,1,38.0,T
EM-3426-PR,3426,PR,EM,2020-01-07 00:00:00+00:00,2020,Earthquake,EARTHQUAKES,0,0,1,0,2019-12-28 00:00:00+00:00,2020-02-04 00:00:00+00:00,2022-04-20T00:00:00.000Z,0,72,37,99037,Ceiba (Municipio),20001,,2020010701,2,,2024-08-27T18:22:14.800Z,29eba3364f13a13cbf8908ff169303c6933346f2,5fcd730d-1d11-43d7-990d-a8417df70067,2020,1,38.0,T
EM-3426-PR,3426,PR,EM,2020-01-07 00:00:00+00:00,2020,Earthquake,EARTHQUAKES,0,0,1,0,2019-12-28 00:00:00+00:00,2020-02-04 00:00:00+00:00,2022-04-20T00:00:00.000Z,0,72,39,99039,Ciales (Municipio),20001,,2020010701,2,,2024-08-27T18:22:14.800Z,d7c348a11220b7ab87b7f099d28889b35c118ff3,8c161ccf-5934-482e-b0d7-e12b4394ad59,2020,1,38.0,T
EM-3426-PR,3426,PR,EM,2020-01-07 00:00:00+00:00,2020,Earthquake,EARTHQUAKES,0,0,1,0,2019-12-28 00:00:00+00:00,2020-02-04 00:00:00+00:00,2022-04-20T00:00:00.000Z,0,72,41,99041,Cidra (Municipio),20001,,2020010701,2,,2024-08-27T18:22:14.800Z,7649b361bbba48e4038725566334a3d9f407cbd3,5f6e36a0-92f8-424a-ac92-fca67572f2b4,2020,1,38.0,T
EM-3426-PR,3426,PR,EM,2020-01-07 00:00:00+00:00,2020,Earthquake,EARTHQUAKES,0,0,1,0,2019-12-28 00:00:00+00:00,2020-02-04 00:00:00+00:00,2022-04-20T00:00:00.000Z,0,72,43,99043,Coamo (Municipio),20001,,2020010701,2,,2024-08-27T18:22:14.800Z,b59eba3d2cd5b96ea43fd2559047ee242eb971d2,3941f332-6f22-4931-9c6c-34c5d7a28cd5,2020,1,38.0,T
EM-3426-PR,3426,PR,EM,2020-01-07 00:00:00+00:00,2020,Earthquake,EARTHQUAKES,0,0,1,0,2019-12-28 00:00:00+00:00,2020-02-04 00:00:00+00:00,2022-04-20T00:00:00.000Z,0,72,45,99045,Comerio (Municipio),20001,,2020010701,2,,2024-08-27T18:22:14.800Z,8126e58ea6b8fc7b734596c617e4ad0740917bf3,6fb4f15a-a257-4097-8678-e09e0bf463ad,2020,1,38.0,T
EM-3426-PR,3426,PR,EM,2020-01-07 00:00:00+00:00,2020,Earthquake,EARTHQUAKES,0,0,1,0,2019-12-28 00:00:00+00:00,2020-02-04 00:00:00+00:00,2022-04-20T00:00:00.000Z,0,72,47,99047,Corozal (Municipio),20001,,2020010701,2,,2024-08-27T18:22:14.800Z,9462f6d6bf95ab8544e0234444835556dc2d41cf,058637d7-ac11-4976-8ad7-27f6abd25789,2020,1,38.0,T
EM-3426-PR,3426,PR,EM,2020-01-07 00:00:00+00:00,2020,Earthquake,EARTHQUAKES,0,0,1,0,2019-12-28 00:00:00+00:00,2020-02-04 00:00:00+00:00,2022-04-20T00:00:00.000Z,0,72,49,99049,Culebra (Municipio),20001,,2020010701,2,,2024-08-27T18:22:14.800Z,32ca7b93d54dd98cf77f4fdff61b06ff61deaa4d,f050a271-dbf8-4038-af91-0422851fe553,2020,1,38.0,T
EM-3426-PR,3426,PR,EM,2020-01-07 00:00:00+00:00,2020,Earthquake,EARTHQUAKES,0,0,1,0,2019-12-28 00:00:00+00:00,2020-02-04 00:00:00+00:00,2022-04-20T00:00:00.000Z,0,72,51,99051,Dorado (Municipio),20001,,2020010701,2,,2024-08-27T18:22:14.800Z,d161df237a9b1cdd72a0cc0fe8344ea3f86cf308,84d97e2c-7a76-4b6e-9a9a-43e353cb1282,2020,1,38.0,T
EM-3426-PR,3426,PR,EM,2020-01-07 00:00:00+00:00,2020,Earthquake,EARTHQUAKES,0,0,1,0,2019-12-28 00:00:00+00:00,2020-02-04 00:00:00+00:00,2022-04-20T00:00:00.000Z,0,72,53,99053,Fajardo (Municipio),20001,,2020010701,2,,2024-08-27T18:22:14.800Z,e62b7bcd72a0b0990ecdf09b893f69fd37936e58,492c3627-58d3-49b3-9f76-59ac88965d80,2020,1,38.0,T
EM-3426-PR,3426,PR,EM,2020-01-07 00:00:00+00:00,2020,Earthquake,EARTHQUAKES,0,0,1,0,2019-12-28 00:00:00+00:00,2020-02-04 00:00:00+00:00,2022-04-20T00:00:00.000Z,0,72,54,99054,Florida (Municipio),20001,,2020010701,2,,2024-08-27T18:22:14.800Z,337212b0539da3c0eb187c7a6ae3b14c36c8ecb9,4d079d7d-389b-42ff-b93e-7a90f96c75ab,2020,1,38.0,T
EM-3426-PR,3426,PR,EM,2020-01-07 00:00:00+00:00,2020,Earthquake,EARTHQUAKES,0,0,1,0,2019-12-28 00:00:00+00:00,2020-02-04 00:00:00+00:00,2022-04-20T00:00:00.000Z,0,72,55,99055,Guanica (Municipio),20001,,2020010701,2,,2024-08-27T18:22:14.800Z,88221e3a8b342bfc5db89982f0235fc4581ba2b3,a549ce71-3445-4fbb-a373-11c5e10d89a2,2020,1,38.0,T
EM-3426-PR,3426,PR,EM,2020-01-07 00:00:00+00:00,2020,Earthquake,EARTHQUAKES,0,0,1,0,2019-12-28 00:00:00+00:00,2020-02-04 00:00:00+00:00,2022-04-20T00:00:00.000Z,0,72,57,99057,Guayama (Municipio),20001,,2020010701,2,,2024-08-27T18:22:14.800Z,1ba63061391c7e3456bf91b7af71f687b78eda38,1b097fe2-0171-4055-a49f-26d69d97b8cc,2020,1,38.0,T
EM-3426-PR,3426,PR,EM,2020-01-07 00:00:00+00:00,2020,Earthquake,EARTHQUAKES,0,0,1,0,2019-12-28 00:00:00+00:00,2020-02-04 00:00:00+00:00,2022-04-20T00:00:00.000Z,0,72,59,99059,Guayanilla (Municipio),20001,,2020010701,2,,2024-08-27T18:22:14.800Z,f6df77f9599faf77ece0539b017e569c474c8aa3,4f77ecac-0fb4-4da5-8a41-d70903d4dcdd,2020,1,38.0,T
EM-3426-PR,3426,PR,EM,2020-01-07 00:00:00+00:00,2020,Earthquake,EARTHQUAKES,0,0,1,0,2019-12-28 00:00:00+00:00,2020-02-04 00:00:00+00:00,2022-04-20T00:00:00.000Z,0,72,61,99061,Guaynabo (Municipio),20001,,2020010701,2,,2024-08-27T18:22:14.800Z,9a67b99a126c096877688f39f211b20bda0d56a5,d32b7660-5a74-4854-95ef-f59c90de2b7d,2020,1,38.0,T
EM-3426-PR,3426,PR,EM,2020-01-07 00:00:00+00:00,2020,Earthquake,EARTHQUAKES,0,0,1,0,2019-12-28 00:00:00+00:00,2020-02-04 00:00:00+00:00,2022-04-20T00:00:00.000Z,0,72,63,99063,Gurabo (Municipio),20001,,2020010701,2,,2024-08-27T18:22:14.800Z,dc77bfbf3f44580cbf2a826a8cc3f15785565310,1f6c228d-7ec6-42c0-b265-25b98f13eaf9,2020,1,38.0,T
EM-3426-PR,3426,PR,EM,2020-01-07 00:00:00+00:00,2020,Earthquake,EARTHQUAKES,0,0,1,0,2019-12-28 00:00:00+00:00,2020-02-04 00:00:00+00:00,2022-04-20T00:00:00.000Z,0,72,65,99065,Hatillo (Municipio),20001,,2020010701,2,,2024-08-27T18:22:14.800Z,57abce11147512f0b16098083933dd39657c2fa7,f29cd734-51c0-4e27-80f6-08f7c8cedc54,2020,1,38.0,T
EM-3426-PR,3426,PR,EM,2020-01-07 00:00:00+00:00,2020,Earthquake,EARTHQUAKES,0,0,1,0,2019-12-28 00:00:00+00:00,2020-02-04 00:00:00+00:00,2022-04-20T00:00:00.000Z,0,72,67,99067,Hormigueros (Municipio),20001,,2020010701,2,,2024-08-27T18:22:14.800Z,030155f63bfa228f967998115bdcce7a5afddaf0,6e1b7071-fb83-4742-849e-ef730419d748,2020,1,38.0,T
EM-3426-PR,3426,PR,EM,2020-01-07 00:00:00+00:00,2020,Earthquake,EARTHQUAKES,0,0,1,0,2019-12-28 00:00:00+00:00,2020-02-04 00:00:00+00:00,2022-04-20T00:00:00.000Z,0,72,69,99069,Humacao (Municipio),20001,,2020010701,2,,2024-08-27T18:22:14.800Z,54776175d720783b7deba4b24b53203c70d1a8b2,907b63a0-0b24-4692-86b7-ccdd257cf10e,2020,1,38.0,T
EM-3426-PR,3426,PR,EM,2020-01-07 00:00:00+00:00,2020,Earthquake,EARTHQUAKES,0,0,1,0,2019-12-28 00:00:00+00:00,2020-02-04 00:00:00+00:00,2022-04-20T00:00:00.000Z,0,72,71,99071,Isabela (Municipio),20001,,2020010701,2,,2024-08-27T18:22:14.800Z,329959afa1d5626c45d6b1a42ac8115405c4dbca,64fea50f-2966-43d4-b874-5c48ee3deff2,2020,1,38.0,T
EM-3426-PR,3426,PR,EM,2020-01-07 00:00:00+00:00,2020,Earthquake,EARTHQUAKES,0,0,1,0,2019-12-28 00:00:00+00:00,2020-02-04 00:00:00+00:00,2022-04-20T00:00:00.000Z,0,72,73,99073,Jayuya (Municipio),20001,,2020010701,2,,2024-08-27T18:22:14.800Z,4a40783850e3ef269aec982b0d287367a59b6371,a5a13dee-dd7c-4091-bd9d-1ea21180468b,2020,1,38.0,T
EM-3426-PR,3426,PR,EM,2020-01-07 00:00:00+00:00,2020,Earthquake,EARTHQUAKES,0,0,1,0,2019-12-28 00:00:00+00:00,2020-02-04 00:00:00+00:00,2022-04-20T00:00:00.000Z,0,72,75,99075,Juana Diaz (Municipio),20001,,2020010701,2,,2024-08-27T18:22:14.800Z,f759c4cbe6936f1e5d6ddf341f41d3d24b06eccb,da16503a-d6dd-4435-b8e9-134a77920488,2020,1,38.0,T
EM-3426-PR,3426,PR,EM,2020-01-07 00:00:00+00:00,2020,Earthquake,EARTHQUAKES,0,0,1,0,2019-12-28 00:00:00+00:00,2020-02-04 00:00:00+00:00,2022-04-20T00:00:00.000Z,0,72,77,99077,Juncos (Municipio),20001,,2020010701,2,,2024-08-27T18:22:14.800Z,1311b243f4e7350d014cbd5da4504c04ec206720,b93e2081-855e-4876-ba4d-9243109a62b3,2020,1,38.0,T
EM-3426-PR,3426,PR,EM,2020-01-07 00:00:00+00:00,2020,Earthquake,EARTHQUAKES,0,0,1,0,2019-12-28 00:00:00+00:00,2020-02-04 00:00:00+00:00,2022-04-20T00:00:00.000Z,0,72,79,99079,Lajas (Municipio),20001,,2020010701,2,,2024-08-27T18:22:14.800Z,73212c634f0a590a38097f63633e7b655cc847a3,14463129-bbb9-4201-9d78-7dff5d627ac4,2020,1,38.0,T
EM-3426-PR,3426,PR,EM,2020-01-07 00:00:00+00:00,2020,Earthquake,EARTHQUAKES,0,0,1,0,2019-12-28 00:00:00+00:00,2020-02-04 00:00:00+00:00,2022-04-20T00:00:00.000Z,0,72,81,99081,Lares (Municipio),20001,,2020010701,2,,2024-08-27T18:22:14.800Z,6fce83bc3c3f81e57d3ed33393d34e0e4bd218ce,af4e8625-a524-45d7-b13f-54d1d392c2b9,2020,1,38.0,T
EM-3426-PR,3426,PR,EM,2020-01-07 00:00:00+00:00,2020,Earthquake,EARTHQUAKES,0,0,1,0,2019-12-28 00:00:00+00:00,2020-02-04 00:00:00+00:00,2022-04-20T00:00:00.000Z,0,72,83,99083,Las Marias (Municipio),20001,,2020010701,2,,2024-08-27T18:22:14.800Z,7b53121c97569dbb285364017f19e6d2405b0332,506c6107-1f40-4716-8bcc-2e5d9d0e0a6c,2020,1,38.0,T
EM-3426-PR,3426,PR,EM,2020-01-07 00:00:00+00:00,2020,Earthquake,EARTHQUAKES,0,0,1,0,2019-12-28 00:00:00+00:00,2020-02-04 00:00:00+00:00,2022-04-20T00:00:00.000Z,0,72,85,99085,Las Piedras (Municipio),20001,,2020010701,2,,2024-08-27T18:22:14.800Z,95559fd70710a1773f7ad6bd7e333a83d88d0e1e,b2cafa7e-1ff4-4a50-8e8f-e24531dfd7f0,2020,1,38.0,T
EM-3426-PR,3426,PR,EM,2020-01-07 00:00:00+00:00,2020,Earthquake,EARTHQUAKES,0,0,1,0,2019-12-28 00:00:00+00:00,2020-02-04 00:00:00+00:00,2022-04-20T00:00:00.000Z,0,72,87,99087,Loiza (Municipio),20001,,2020010701,2,,2024-08-27T18:22:14.800Z,0e7d7ff8897a2fb11c72e425f89dcc2babe9cee1,6ab62bf8-aa27-4f9a-b7b5-d92bb198a19e,2020,1,38.0,T
EM-3426-PR,3426,PR,EM,2020-01-07 00:00:00+00:00,2020,Earthquake,EARTHQUAKES,0,0,1,0,2019-12-28 00:00:00+00:00,2020-02-04 00:00:00+00:00,2022-04-20T00:00:00.000Z,0,72,89,99089,Luquillo (Municipio),20001,,2020010701,2,,2024-08-27T18:22:14.800Z,c4b5ca54ff0c95b7c53741b819a04c554e8166d5,827db147-69e6-44a7-8e85-8b2d28c2ccf4,2020,1,38.0,T
EM-3426-PR,3426,PR,EM,2020-01-07 00:00:00+00:00,2020,Earthquake,EARTHQUAKES,0,0,1,0,2019-12-28 00:00:00+00:00,2020-02-04 00:00:00+00:00,2022-04-20T00:00:00.000Z,0,72,91,99091,Manati (Municipio),20001,,2020010701,2,,2024-08-27T18:22:14.800Z,8e8c9da949043412184f6e576ff2d4b50bfe1f8a,1a7a2327-41a7-4f5c-96d9-c76db74462c2,2020,1,38.0,T
EM-3426-PR,3426,PR,EM,2020-01-07 00:00:00+00:00,2020,Earthquake,EARTHQUAKES,0,0,1,0,2019-12-28 00:00:00+00:00,2020-02-04 00:00:00+00:00,2022-04-20T00:00:00.000Z,0,72,93,99093,Maricao (Municipio),20001,,2020010701,2,,2024-08-27T18:22:14.800Z,b0d747fda053c4edf74eaa1a4670598330374754,419d5685-2305-42e3-bf5b-974238a6465e,2020,1,38.0,T
EM-3426-PR,3426,PR,EM,2020-01-07 00:00:00+00:00,2020,Earthquake,EARTHQUAKES,0,0,1,0,2019-12-28 00:00:00+00:00,2020-02-04 00:00:00+00:00,2022-04-20T00:00:00.000Z,0,72,95,99095,Maunabo (Municipio),20001,,2020010701,2,,2024-08-27T18:22:14.800Z,72fb6ccfc5ad1da226fbdcf02d7ab06e77706fc1,af76559f-a31c-4b20-a27d-37368bc61178,2020,1,38.0,T
EM-3426-PR,3426,PR,EM,2020-01-07 00:00:00+00:00,2020,Earthquake,EARTHQUAKES,0,0,1,0,2019-12-28 00:00:00+00:00,2020-02-04 00:00:00+00:00,2022-04-20T00:00:00.000Z,0,72,97,99097,Mayaguez (Municipio),20001,,2020010701,2,,2024-08-27T18:22:14.800Z,d518dc2fd2ac72d972650ad25a657fa5c408201c,f2dfd93f-da53-4c76-9a4d-c43e1aa6924f,2020,1,38.0,T
EM-3426-PR,3426,PR,EM,2020-01-07 00:00:00+00:00,2020,Earthquake,EARTHQUAKES,0,0,1,0,2019-12-28 00:00:00+00:00,2020-02-04 00:00:00+00:00,2022-04-20T00:00:00.000Z,0,72,99,99099,Moca (Municipio),20001,,2020010701,2,,2024-08-27T18:22:14.800Z,8fb6b1406b4241c72af9b33ccb99d99496f1974a,df748e56-8f8c-48a8-a180-b671ea7f6440,2020,1,38.0,T
EM-3426-PR,3426,PR,EM,2020-01-07 00:00:00+00:00,2020,Earthquake,EARTHQUAKES,0,0,1,0,2019-12-28 00:00:00+00:00,2020-02-04 00:00:00+00:00,2022-04-20T00:00:00.000Z,0,72,101,99101,Morovis (Municipio),20001,,2020010701,2,,2024-08-27T18:22:14.800Z,06aa8208c53a942d5332b515401b40296d0bf7f5,03989478-af87-479a-a7c7-2fd0daa84f88,2020,1,38.0,T
EM-3426-PR,3426,PR,EM,2020-01-07 00:00:00+00:00,2020,Earthquake,EARTHQUAKES,0,0,1,0,2019-12-28 00:00:00+00:00,2020-02-04 00:00:00+00:00,2022-04-20T00:00:00.000Z,0,72,103,99103,Naguabo (Municipio),20001,,2020010701,2,,2024-08-27T18:22:14.800Z,cb13c872df3d18672afabee53f9407163cc8c921,7bb561dd-0a0f-4ec0-91d1-03194540a806,2020,1,38.0,T
EM-3426-PR,3426,PR,EM,2020-01-07 00:00:00+00:00,2020,Earthquake,EARTHQUAKES,0,0,1,0,2019-12-28 00:00:00+00:00,2020-02-04 00:00:00+00:00,2022-04-20T00:00:00.000Z,0,72,105,99105,Naranjito (Municipio),20001,,2020010701,2,,2024-08-27T18:22:14.800Z,944c31534de02d7011ae16efb370101a2325ed3e,ba647531-fd59-41ba-9a21-f9ecb8ceeb19,2020,1,38.0,T
EM-3426-PR,3426,PR,EM,2020-01-07 00:00:00+00:00,2020,Earthquake,EARTHQUAKES,0,0,1,0,2019-12-28 00:00:00+00:00,2020-02-04 00:00:00+00:00,2022-04-20T00:00:00.000Z,0,72,107,99107,Orocovis (Municipio),20001,,2020010701,2,,2024-08-27T18:22:14.800Z,978e0a60062430b22c38af68de07d697530a7392,09a7b99f-f405-4c68-b187-6654225659c7,2020,1,38.0,T
EM-3426-PR,3426,PR,EM,2020-01-07 00:00:00+00:00,2020,Earthquake,EARTHQUAKES,0,0,1,0,2019-12-28 00:00:00+00:00,2020-02-04 00:00:00+00:00,2022-04-20T00:00:00.000Z,0,72,109,99109,Patillas (Municipio),20001,,2020010701,2,,2024-08-27T18:22:14.800Z,dfa2e8b1aa71e8ffd8451e7a416af2547425effa,6f4763c5-1838-4cf4-aef5-a3360f18f290,2020,1,38.0,T
EM-3426-PR,3426,PR,EM,2020-01-07 00:00:00+00:00,2020,Earthquake,EARTHQUAKES,0,0,1,0,2019-12-28 00:00:00+00:00,2020-02-04 00:00:00+00:00,2022-04-20T00:00:00.000Z,0,72,111,99111,Penuelas (Municipio),20001,,2020010701,2,,2024-08-27T18:22:14.800Z,b1a50664345a19fe0fd13f4a3663b4595b58e4b7,8b58a0f9-7831-4cb0-b0af-51577988e5df,2020,1,38.0,T
EM-3426-PR,3426,PR,EM,2020-01-07 00:00:00+00:00,2020,Earthquake,EARTHQUAKES,0,0,1,0,2019-12-28 00:00:00+00:00,2020-02-04 00:00:00+00:00,2022-04-20T00:00:00.000Z,0,72,113,99113,Ponce (Municipio),20001,,2020010701,2,,2024-08-27T18:22:14.800Z,4b4efa1a402d27530b391517ea8d272229383978,378a5908-8d6e-4615-9a8c-5e894f6b31ad,2020,1,38.0,T
EM-3426-PR,3426,PR,EM,2020-01-07 00:00:00+00:00,2020,Earthquake,EARTHQUAKES,0,0,1,0,2019-12-28 00:00:00+00:00,2020-02-04 00:00:00+00:00,2022-04-20T00:00:00.000Z,0,72,115,99115,Quebradillas (Municipio),20001,,2020010701,2,,2024-08-27T18:22:14.800Z,50f277c602665a6ce010588a4073fee4bb8f45c9,e5931a43-f30a-41e9-94ec-92532fe73dac,2020,1,38.0,T
EM-3426-PR,3426,PR,EM,2020-01-07 00:00:00+00:00,2020,Earthquake,EARTHQUAKES,0,0,1,0,2019-12-28 00:00:00+00:00,2020-02-04 00:00:00+00:00,2022-04-20T00:00:00.000Z,0,72,117,99117,Rincon (Municipio),20001,,2020010701,2,,2024-08-27T18:22:14.800Z,86198beea436d0364950c4550e8489f83f920c5d,f979fdb4-a2f7-4ac3-bb7a-2a26125f4921,2020,1,38.0,T
EM-3426-PR,3426,PR,EM,2020-01-07 00:00:00+00:00,2020,Earthquake,EARTHQUAKES,0,0,1,0,2019-12-28 00:00:00+00:00,2020-02-04 00:00:00+00:00,2022-04-20T00:00:00.000Z,0,72,119,99119,Rio Grande (Municipio),20001,,2020010701,2,,2024-08-27T18:22:14.800Z,f7192df6261d68cd968c735d6ed28465d21dd070,41f80f47-3b37-4d23-ac24-861c6d360590,2020,1,38.0,T
EM-3426-PR,3426,PR,EM,2020-01-07 00:00:00+00:00,2020,Earthquake,EARTHQUAKES,0,0,1,0,2019-12-28 00:00:00+00:00,2020-02-04 00:00:00+00:00,2022-04-20T00:00:00.000Z,0,72,121,99121,Sabana Grande (Municipio),20001,,2020010701,2,,2024-08-27T18:22:14.800Z,613e722f65f6af65a00e5fa4e5b84e131462f840,207ee759-73bc-4210-b3c0-2e8439777ce4,2020,1,38.0,T
EM-3426-PR,3426,PR,EM,2020-01-07 00:00:00+00:00,2020,Earthquake,EARTHQUAKES,0,0,1,0,2019-12-28 00:00:00+00:00,2020-02-04 00:00:00+00:00,2022-04-20T00:00:00.000Z,0,72,123,99123,Salinas (Municipio),20001,,2020010701,2,,2024-08-27T18:22:14.800Z,4204b58a0cd5cac974afe504af36809be71e9a8a,422fc7c6-6406-4fed-b0f0-d99d775bd0ec,2020,1,38.0,T
EM-3426-PR,3426,PR,EM,2020-01-07 00:00:00+00:00,2020,Earthquake,EARTHQUAKES,0,0,1,0,2019-12-28 00:00:00+00:00,2020-02-04 00:00:00+00:00,2022-04-20T00:00:00.000Z,0,72,125,99125,San German (Municipio),20001,,2020010701,2,,2024-08-27T18:22:14.800Z,782a64ed043074c46bb5a09e757df76b6be069f5,9ce637b7-980a-4d72-8d05-6d1f47d21397,2020,1,38.0,T
EM-3426-PR,3426,PR,EM,2020-01-07 00:00:00+00:00,2020,Earthquake,EARTHQUAKES,0,0,1,0,2019-12-28 00:00:00+00:00,2020-02-04 00:00:00+00:00,2022-04-20T00:00:00.000Z,0,72,127,99127,San Juan (Municipio),20001,,2020010701,2,,2024-08-27T18:22:14.800Z,75b9b9abbe9bcb5434285167dfe3c55066d4418b,76ae0f29-0879-4a73-8258-8fa4fb01d59d,2020,1,38.0,T
EM-3426-PR,3426,PR,EM,2020-01-07 00:00:00+00:00,2020,Earthquake,EARTHQUAKES,0,0,1,0,2019-12-28 00:00:00+00:00,2020-02-04 00:00:00+00:00,2022-04-20T00:00:00.000Z,0,72,129,99129,San Lorenzo (Municipio),20001,,2020010701,2,,2024-08-27T18:22:14.800Z,b49876a77c3b497adc4ef8f171d031912b53a4e8,1e79920d-f01f-4114-a7e6-455e503a4623,2020,1,38.0,T
EM-3426-PR,3426,PR,EM,2020-01-07 00:00:00+00:00,2020,Earthquake,EARTHQUAKES,0,0,1,0,2019-12-28 00:00:00+00:00,2020-02-04 00:00:00+00:00,2022-04-20T00:00:00.000Z,0,72,131,99131,San Sebastian (Municipio),20001,,2020010701,2,,2024-08-27T18:22:14.800Z,6ff24391baeb9a1685c2b62c450df5821fd0be6b,376eb834-3bfa-4f6b-9bd1-6d0d14ce1227,2020,1,38.0,T
EM-3426-PR,3426,PR,EM,2020-01-07 00:00:00+00:00,2020,Earthquake,EARTHQUAKES,0,0,1,0,2019-12-28 00:00:00+00:00,2020-02-04 00:00:00+00:00,2022-04-20T00:00:00.000Z,0,72,133,99133,Santa Isabel (Municipio),20001,,2020010701,2,,2024-08-27T18:22:14.800Z,e5872f16ac24cfd20a7949af957bc6c33705561e,6a827c9c-0230-40e3-bdba-6b771f9428ca,2020,1,38.0,T
EM-3426-PR,3426,PR,EM,2020-01-07 00:00:00+00:00,2020,Earthquake,EARTHQUAKES,0,0,1,0,2019-12-28 00:00:00+00:00,2020-02-04 00:00:00+00:00,2022-04-20T00:00:00.000Z,0,72,135,99135,Toa Alta (Municipio),20001,,2020010701,2,,2024-08-27T18:22:14.800Z,bdd53029966b635267c12e299578c2620e5518c5,2d6a115a-f5b1-4a2e-be12-f03a5c373f68,2020,1,38.0,T
EM-3426-PR,3426,PR,EM,2020-01-07 00:00:00+00:00,2020,Earthquake,EARTHQUAKES,0,0,1,0,2019-12-28 00:00:00+00:00,2020-02-04 00:00:00+00:00,2022-04-20T00:00:00.000Z,0,72,137,99137,Toa Baja (Municipio),20001,,2020010701,2,,2024-08-27T18:22:14.800Z,26c3509529c4dcc6b7fe15f39830dd0067156b12,7b30cd27-406d-4ec6-94cd-86579230f2e7,2020,1,38.0,T
EM-3426-PR,3426,PR,EM,2020-01-07 00:00:00+00:00,2020,Earthquake,EARTHQUAKES,0,0,1,0,2019-12-28 00:00:00+00:00,2020-02-04 00:00:00+00:00,2022-04-20T00:00:00.000Z,0,72,139,99139,Trujillo Alto (Municipio),20001,,2020010701,2,,2024-08-27T18:22:14.800Z,302b44e082cf2edcfba5178ac72e1c0b2a7fdcda,ff91c467-18e3-4d3e-ab27-c5b9cbae0351,2020,1,38.0,T
EM-3426-PR,3426,PR,EM,2020-01-07 00:00:00+00:00,2020,Earthquake,EARTHQUAKES,0,0,1,0,2019-12-28 00:00:00+00:00,2020-02-04 00:00:00+00:00,2022-04-20T00:00:00.000Z,0,72,141,99141,Utuado (Municipio),20001,,2020010701,2,,2024-08-27T18:22:14.800Z,98d03ea9fcfa824b8f2f109449ff7d4d3fe0a53b,a13345f6-f97a-451e-9539-4ff71953d0b8,2020,1,38.0,T
EM-3426-PR,3426,PR,EM,2020-01-07 00:00:00+00:00,2020,Earthquake,EARTHQUAKES,0,0,1,0,2019-12-28 00:00:00+00:00,2020-02-04 00:00:00+00:00,2022-04-20T00:00:00.000Z,0,72,143,99143,Vega Alta (Municipio),20001,,2020010701,2,,2024-08-27T18:22:14.800Z,c47162b86d0376eeba1963e0ed51fc490c7dce05,bc3f75c8-c5bb-487f-ad80-631d1737cb43,2020,1,38.0,T
EM-3426-PR,3426,PR,EM,2020-01-07 00:00:00+00:00,2020,Earthquake,EARTHQUAKES,0,0,1,0,2019-12-28 00:00:00+00:00,2020-02-04 00:00:00+00:00,2022-04-20T00:00:00.000Z,0,72,145,99145,Vega Baja (Municipio),20001,,2020010701,2,,2024-08-27T18:22:14.800Z,3baca8657e5264e75a23fcef5cf3f3865251695f,7c760794-b4b6-4b54-8ec3-fa2de56e3e2e,2020,1,38.0,T
EM-3426-PR,3426,PR,EM,2020-01-07 00:00:00+00:00,2020,Earthquake,EARTHQUAKES,0,0,1,0,2019-12-28 00:00:00+00:00,2020-02-04 00:00:00+00:00,2022-04-20T00:00:00.000Z,0,72,147,99147,Vieques (Municipio),20001,,2020010701,2,,2024-08-27T18:22:14.800Z,33b27d17f83330f427615debfbc53f8d13a22479,768f18f3-7cbe-4ffa-b4ee-eab891319de8,2020,1,38.0,T
EM-3426-PR,3426,PR,EM,2020-01-07 00:00:00+00:00,2020,Earthquake,EARTHQUAKES,0,0,1,0,2019-12-28 00:00:00+00:00,2020-02-04 00:00:00+00:00,2022-04-20T00:00:00.000Z,0,72,149,99149,Villalba (Municipio),20001,,2020010701,2,,2024-08-27T18:22:14.800Z,65c866f7fca50ddbc9b7ede513d37d1317c51a68,699b495d-5e07-43b3-85f8-a5bbde0c57a2,2020,1,38.0,T
EM-3426-PR,3426,PR,EM,2020-01-07 00:00:00+00:00,2020,Earthquake,EARTHQUAKES,0,0,1,0,2019-12-28 00:00:00+00:00,2020-02-04 00:00:00+00:00,2022-04-20T00:00:00.000Z,0,72,151,99151,Yabucoa (Municipio),20001,,2020010701,2,,2024-08-27T18:22:14.800Z,740eaad3859e3cbb241397a7a2adebf23c3a3cbc,324df2ee-bba1-4ad3-a60f-767ca776f330,2020,1,38.0,T
EM-3426-PR,3426,PR,EM,2020-01-07 00:00:00+00:00,2020,Earthquake,EARTHQUAKES,0,0,1,0,2019-12-28 00:00:00+00:00,2020-02-04 00:00:00+00:00,2022-04-20T00:00:00.000Z,0,72,153,99153,Yauco (Municipio),20001,,2020010701,2,,2024-08-27T18:22:14.800Z,8a7dea2c3c949195f0f779988500bf1270660d9e,cd2e96e8-89b5-4b34-a815-2f21bc8e0ba2,2020,1,38.0,T
EM-3415-CA,3415,CA,EM,2019-07-08 00:00:00+00:00,2019,Earthquake,EARTHQUAKES,0,0,1,0,2019-07-04 00:00:00+00:00,2019-07-12 00:00:00+00:00,,0,6,29,99029,Kern (County),19048,,2019070601,9,,2024-08-27T18:22:14.800Z,3a54aa90663a5ae1aaf59fe3920b11530103a7c4,8a16ffd5-dd14-4881-b635-a0cc1af7da20,2019,7,8.0,W
EM-3415-CA,3415,CA,EM,2019-07-08 00:00:00+00:00,2019,Earthquake,EARTHQUAKES,0,0,1,0,2019-07-04 00:00:00+00:00,2019-07-12 00:00:00+00:00,,0,6,71,99071,San Bernardino (County),19048,,2019070601,9,,2024-08-27T18:22:14.800Z,987690ae29630d72b3fe37bcca3b1939b80b3aab,ce7abf80-ac96-44d8-9d87-53d02ed19e82,2019,7,8.0,W
EM-3410-AK,3410,AK,EM,2018-11-30 00:00:00+00:00,2019,Earthquake,EARTHQUAKE,0,0,1,0,2018-11-30 00:00:00+00:00,2018-11-30 00:00:00+00:00,2021-09-29T00:00:00.000Z,0,2,20,99020,Anchorage (Borough),18133,,2018113001,10,,2024-08-27T18:22:14.800Z,fec7d9a23aecf55c21591cde2235c008912db72c,52c6a818-5f38-40d9-907f-21a96f06d929,2018,11,0.0,W
EM-3410-AK,3410,AK,EM,2018-11-30 00:00:00+00:00,2019,Earthquake,EARTHQUAKE,0,0,1,0,2018-11-30 00:00:00+00:00,2018-11-30 00:00:00+00:00,2021-09-29T00:00:00.000Z,0,2,122,99122,Kenai Peninsula (Borough),18133,,2018113001,10,,2024-08-27T18:22:14.800Z,524056342099f8c83c0bfca5e89b2a83648792ee,7ae930cf-aebe-4928-99cf-eccdacf40b6e,2018,11,0.0,W
EM-3410-AK,3410,AK,EM,2018-11-30 00:00:00+00:00,2019,Earthquake,EARTHQUAKE,0,0,1,0,2018-11-30 00:00:00+00:00,2018-11-30 00:00:00+00:00,2021-09-29T00:00:00.000Z,0,2,170,99170,Matanuska-Susitna (Borough),18133,,2018113001,10,,2024-08-27T18:22:14.800Z,87f0ae9a4fbe7c6655edfe81617d8bb06b02010d,2315d6f2-e9a7-4301-a452-f14b67b91687,2018,11,0.0,W
DR-1911-CA,1911,CA,DR,2010-05-07 00:00:00+00:00,2010,Earthquake,EARTHQUAKE,0,0,1,1,2010-04-04 00:00:00+00:00,2010-07-04 00:00:00+00:00,2021-08-24T00:00:00.000Z,0,6,25,99025,Imperial (County),10047,,2010040801,9,,2024-08-27T18:22:14.800Z,51bf799c2681f07a910864a4c98a599b367a18ba,8e533300-abc9-4648-bd97-049ab6687df4,2010,5,91.0,W
DR-1664-HI,1664,HI,DR,2006-10-17 00:00:00+00:00,2007,Earthquake,EARTHQUAKE,0,0,1,1,2006-10-15 00:00:00+00:00,2007-01-15 00:00:00+00:00,2023-03-06T00:00:00.000Z,0,15,3,99003,Honolulu (County),6163,2006-12-22T00:00:00.000Z,2006101501,9,,2024-08-27T18:22:14.800Z,e8e9fc2ed5341024af77bf0920467c376ddde0bc,81bfbb20-b603-45b3-abf7-50a348f7be33,2006,10,92.0,W
DR-1664-HI,1664,HI,DR,2006-10-17 00:00:00+00:00,2007,Earthquake,EARTHQUAKE,0,0,1,1,2006-10-15 00:00:00+00:00,2007-01-15 00:00:00+00:00,2023-03-06T00:00:00.000Z,0,15,7,99007,Kauai (County),6163,2006-12-22T00:00:00.000Z,2006101501,9,,2024-08-27T18:22:14.800Z,f862850fabb2e61add4057405abd0c0ed57a3e8c,7bc2b4ca-40b9-495e-bc81-c40e0e3e4795,2006,10,92.0,W
DR-1664-HI,1664,HI,DR,2006-10-17 00:00:00+00:00,2007,Earthquake,EARTHQUAKE,0,1,1,1,2006-10-15 00:00:00+00:00,2007-01-15 00:00:00+00:00,2023-03-06T00:00:00.000Z,0,15,9,99009,Maui (County),6163,2006-12-22T00:00:00.000Z,2006101501,9,,2024-08-27T18:22:14.800Z,6e965cd062747ef6201f76093ca929021bbd382c,d62f7bce-c235-42aa-a277-6cffbacab01c,2006,10,92.0,W
DR-1664-HI,1664,HI,DR,2006-10-17 00:00:00+00:00,2007,Earthquake,EARTHQUAKE,1,1,1,1,2006-10-15 00:00:00+00:00,2007-01-15 00:00:00+00:00,2023-03-06T00:00:00.000Z,0,15,1,99001,Hawaii (County),6163,2006-12-22T00:00:00.000Z,2006101501,9,,2024-08-27T18:22:14.800Z,34fb962a1c138c7247dd4042104aeb314e7f1707,be0e72b7-4f3a-42bc-81d4-5b1ad49c6047,2006,10,92.0,W
DR-1505-CA,1505,CA,DR,2004-01-13 00:00:00+00:00,2004,Earthquake,EARTHQUAKE,0,0,1,1,2003-12-22 00:00:00+00:00,2004-02-06 00:00:00+00:00,2018-12-17T00:00:00.000Z,0,6,83,99083,Santa Barbara (County),4001,2004-03-15T00:00:00.000Z,2003122201,9,,2024-08-27T18:22:14.800Z,031164e3fefba8197de5f142af741fb53c4f181c,54141fb2-8d18-472d-abba-eb2477b08fb3,2004,1,46.0,W
DR-1505-CA,1505,CA,DR,2004-01-13 00:00:00+00:00,2004,Earthquake,EARTHQUAKE,1,1,1,1,2003-12-22 00:00:00+00:00,2004-02-06 00:00:00+00:00,2018-12-17T00:00:00.000Z,0,6,79,99079,San Luis Obispo (County),4001,2004-03-15T00:00:00.000Z,2003122201,9,,2024-08-27T18:22:14.800Z,6ffec7a6613822062f0cdcfe083a6130e8d664fb,81831bc0-ed12-4442-8bb9-f705c6021ec4,2004,1,46.0,W
DR-1440-AK,1440,AK,DR,2002-11-08 00:00:00+00:00,2003,Earthquake,EARTHQUAKE,0,0,1,1,2002-11-03 00:00:00+00:00,2002-11-10 00:00:00+00:00,2013-09-30T00:00:00.000Z,0,2,170,99170,Matanuska-Susitna (Borough),2145,2003-01-17T00:00:00.000Z,2002110401,10,,2024-08-27T18:22:14.800Z,ff8c1a863de57b331365d397bbfcb059da74ba0c,6a126426-cf43-4200-9900-dcf72f9ee57e,2002,11,7.0,W
DR-1440-AK,1440,AK,DR,2002-11-08 00:00:00+00:00,2003,Earthquake,EARTHQUAKE,0,0,1,1,2002-11-03 00:00:00+00:00,2002-11-10 00:00:00+00:00,2013-09-30T00:00:00.000Z,0,2,240,99240,Southeast Fairbanks (Census Area),2145,2003-01-17T00:00:00.000Z,2002110401,10,,2024-08-27T18:22:14.800Z,526408b3f7b31f47fa52884437678158249d9390,d737d89d-0cbd-45cd-9251-7af88941e4f1,2002,11,7.0,W
DR-1440-AK,1440,AK,DR,2002-11-08 00:00:00+00:00,2003,Earthquake,EARTHQUAKE,0,0,1,1,2002-11-03 00:00:00+00:00,2002-11-10 00:00:00+00:00,2013-09-30T00:00:00.000Z,0,2,261,99261,Valdez-Cordova (Census Area),2145,2003-01-17T00:00:00.000Z,2002110401,10,,2024-08-27T18:22:14.800Z,98729d3cc2ae82cf8e674ee8d69a82c1b610a681,e73e820c-9cb6-448d-a25b-85c5e1472d26,2002,11,7.0,W
DR-1440-AK,1440,AK,DR,2002-11-08 00:00:00+00:00,2003,Earthquake,EARTHQUAKE,0,0,1,1,2002-11-03 00:00:00+00:00,2002-11-10 00:00:00+00:00,2013-09-30T00:00:00.000Z,0,2,290,99290,Yukon-Koyukuk (Census Area),2145,2003-01-17T00:00:00.000Z,2002110401,10,,2024-08-27T18:22:14.800Z,b83440a1f5e8396cec20bdba935d700f47191f3d,c0a118ea-9cc3-4d8a-8073-db3878b1637b,2002,11,7.0,W
DR-1440-AK,1440,AK,DR,2002-11-08 00:00:00+00:00,2003,Earthquake,EARTHQUAKE,1,1,1,1,2002-11-03 00:00:00+00:00,2002-11-10 00:00:00+00:00,2013-09-30T00:00:00.000Z,0,2,68,99068,Denali (Borough),2145,2003-01-17T00:00:00.000Z,2002110401,10,,2024-08-27T18:22:14.800Z,8794396e51a3949fbce5d70b41e0754f34ee8748,66862489-0be9-4667-9e71-f9525b3e158a,2002,11,7.0,W
DR-1440-AK,1440,AK,DR,2002-11-08 00:00:00+00:00,2003,Earthquake,EARTHQUAKE,1,1,1,1,2002-11-03 00:00:00+00:00,2002-11-10 00:00:00+00:00,2013-09-30T00:00:00.000Z,0,2,90,99090,Fairbanks North Star (Borough),2145,2003-01-17T00:00:00.000Z,2002110401,10,,2024-08-27T18:22:14.800Z,7e3c2b0c0e245d4dc9634bb152dc7e190eb002a7,ecbc185c-9d17-49ea-8b62-599164d91bba,2002,11,7.0,W
DR-1415-NY,1415,NY,DR,2002-05-16 00:00:00+00:00,2002,Earthquake,EARTHQUAKE,0,1,0,1,2002-04-20 00:00:00+00:00,2002-04-20 00:00:00+00:00,2010-12-21T00:00:00.000Z,0,36,19,99019,Clinton (County),2041,2002-09-15T00:00:00.000Z,2002042001,2,,2024-08-27T18:22:14.800Z,956478a951908fe88c70d15201ceabf2686f5ac8,eb9fe6b8-9cff-40a3-b5f0-969554098bca,2002,5,0.0,NE
DR-1415-NY,1415,NY,DR,2002-05-16 00:00:00+00:00,2002,Earthquake,EARTHQUAKE,0,1,0,1,2002-04-20 00:00:00+00:00,2002-04-20 00:00:00+00:00,2010-12-21T00:00:00.000Z,0,36,31,99031,Essex (County),2041,2002-09-15T00:00:00.000Z,2002042001,2,,2024-08-27T18:22:14.800Z,306afb201d655a200727b0ecd7de4cb7b518b6bb,b1f24dc1-cd10-47ac-b6df-5e5e469701fd,2002,5,0.0,NE
DR-1415-NY,1415,NY,DR,2002-05-16 00:00:00+00:00,2002,Earthquake,EARTHQUAKE,0,1,0,1,2002-04-20 00:00:00+00:00,2002-04-20 00:00:00+00:00,2010-12-21T00:00:00.000Z,0,36,33,99033,Franklin (County),2041,2002-09-15T00:00:00.000Z,2002042001,2,,2024-08-27T18:22:14.800Z,24c30763cddb0e5b5b4ddae3f5f3c3c0dc21bdfe,251bc750-1d46-4695-a1f6-6e52ad11f315,2002,5,0.0,NE
DR-1415-NY,1415,NY,DR,2002-05-16 00:00:00+00:00,2002,Earthquake,EARTHQUAKE,0,1,0,1,2002-04-20 00:00:00+00:00,2002-04-20 00:00:00+00:00,2010-12-21T00:00:00.000Z,0,36,41,99041,Hamilton (County),2041,2002-09-15T00:00:00.000Z,2002042001,2,,2024-08-27T18:22:14.800Z,7bfee5e2d009c7715fce10fd0b22b957a9d9f9c1,dc21a3ca-0bce-409c-9b99-f37d1f5e3744,2002,5,0.0,NE
DR-1415-NY,1415,NY,DR,2002-05-16 00:00:00+00:00,2002,Earthquake,EARTHQUAKE,0,1,0,1,2002-04-20 00:00:00+00:00,2002-04-20 00:00:00+00:00,2010-12-21T00:00:00.000Z,0,36,113,99113,Warren (County),2041,2002-09-15T00:00:00.000Z,2002042001,2,,2024-08-27T18:22:14.800Z,7968ce63f86881df064c29c26af3f200122a6df8,8051defd-4969-4da1-97fd-c5cc0452a78a,2002,5,0.0,NE
DR-1415-NY,1415,NY,DR,2002-05-16 00:00:00+00:00,2002,Earthquake,EARTHQUAKE,0,1,0,1,2002-04-20 00:00:00+00:00,2002-04-20 00:00:00+00:00,2010-12-21T00:00:00.000Z,0,36,115,99115,Washington (County),2041,2002-09-15T00:00:00.000Z,2002042001,2,,2024-08-27T18:22:14.800Z,c1898f24160741c40af1642808e62cf8a5cc6bb5,cfe126cb-18b7-4918-9887-b94a664db1c4,2002,5,0.0,NE
DR-1397-GU,1397,GU,DR,2001-12-05 00:00:00+00:00,2002,Earthquake,EARTHQUAKE,0,0,1,1,2001-10-13 00:00:00+00:00,2001-10-13 00:00:00+00:00,2010-06-21T00:00:00.000Z,0,66,10,99010,Guam (County-equivalent),1110,,2001101201,9,,2024-08-27T18:22:14.800Z,641006b448219d885f058dcd1ef056665710f996,97fb8878-e939-432c-bfba-c31a27bf46aa,2001,12,0.0,T
DR-1361-WA,1361,WA,DR,2001-03-01 00:00:00+00:00,2001,Earthquake,EARTHQUAKE,0,0,1,0,2001-02-28 00:00:00+00:00,2001-03-16 00:00:00+00:00,2022-10-28T00:00:00.000Z,0,53,17,99017,Douglas (County),1025,2001-06-30T00:00:00.000Z,2001022801,10,,2024-08-27T18:22:14.800Z,970676d4cb906d844685e5761f04bd040c696b8e,dac8b133-bb38-4743-a7e7-f9c8f7b1c910,2001,3,16.0,W
DR-1361-WA,1361,WA,DR,2001-03-01 00:00:00+00:00,2001,Earthquake,EARTHQUAKE,0,0,1,0,2001-02-28 00:00:00+00:00,2001-03-16 00:00:00+00:00,2022-10-28T00:00:00.000Z,0,53,71,99071,Walla Walla (County),1025,2001-06-30T00:00:00.000Z,2001022801,10,,2024-08-27T18:22:14.800Z,301eac8907b6022f9d7c9734cd54bb3a3ea973eb,7e17e207-478c-4da5-88c6-133befe12c25,2001,3,16.0,W
DR-1361-WA,1361,WA,DR,2001-03-01 00:00:00+00:00,2001,Earthquake,EARTHQUAKE,0,1,0,0,2001-02-28 00:00:00+00:00,2001-03-16 00:00:00+00:00,2022-10-28T00:00:00.000Z,0,53,5,99005,Benton (County),1025,2001-06-30T00:00:00.000Z,2001022801,10,,2024-08-27T18:22:14.800Z,11ea5d38148f10d6fa0c80bf60147008c548458b,5ad50020-881b-4f82-86a7-68fc08cae3b9,2001,3,16.0,W
DR-1361-WA,1361,WA,DR,2001-03-01 00:00:00+00:00,2001,Earthquake,EARTHQUAKE,0,1,0,0,2001-02-28 00:00:00+00:00,2001-03-16 00:00:00+00:00,2022-10-28T00:00:00.000Z,0,53,7,99007,Chelan (County),1025,2001-06-30T00:00:00.000Z,2001022801,10,,2024-08-27T18:22:14.800Z,907745679c603a08c7d50afdbe39c6e66868931e,f5d90a14-5be9-4195-bf70-fefdeecf2fa7,2001,3,16.0,W
DR-1361-WA,1361,WA,DR,2001-03-01 00:00:00+00:00,2001,Earthquake,EARTHQUAKE,0,1,0,0,2001-02-28 00:00:00+00:00,2001-03-16 00:00:00+00:00,2022-10-28T00:00:00.000Z,0,53,11,99011,Clark (County),1025,2001-06-30T00:00:00.000Z,2001022801,10,,2024-08-27T18:22:14.800Z,7a76fe0c445e51764e0cb81362cf9f4619d03865,6acbb1f7-e13d-4996-9506-ccdfa311ba9b,2001,3,16.0,W
DR-1361-WA,1361,WA,DR,2001-03-01 00:00:00+00:00,2001,Earthquake,EARTHQUAKE,0,1,0,0,2001-02-28 00:00:00+00:00,2001-03-16 00:00:00+00:00,2022-10-28T00:00:00.000Z,0,53,29,99029,Island (County),1025,2001-06-30T00:00:00.000Z,2001022801,10,,2024-08-27T18:22:14.800Z,2cf3544e980804f9315e687754bed1e4e31c96ae,dcc02f64-c936-46f5-8434-3225217f65f5,2001,3,16.0,W
DR-1361-WA,1361,WA,DR,2001-03-01 00:00:00+00:00,2001,Earthquake,EARTHQUAKE,0,1,0,0,2001-02-28 00:00:00+00:00,2001-03-16 00:00:00+00:00,2022-10-28T00:00:00.000Z,0,53,31,99031,Jefferson (County),1025,2001-06-30T00:00:00.000Z,2001022801,10,,2024-08-27T18:22:14.800Z,506db7c79dde2ef8ada7602db4de54f3adfa5426,2dfc74b9-6115-43e8-a507-3df8945cccf5,2001,3,16.0,W
DR-1361-WA,1361,WA,DR,2001-03-01 00:00:00+00:00,2001,Earthquake,EARTHQUAKE,0,1,0,0,2001-02-28 00:00:00+00:00,2001-03-16 00:00:00+00:00,2022-10-28T00:00:00.000Z,0,53,37,99037,Kittitas (County),1025,2001-06-30T00:00:00.000Z,2001022801,10,,2024-08-27T18:22:14.800Z,3990b24bb09b95ddb082d70a4a61068766cad3b5,a9108a7d-4120-4c7b-a935-bf4ef6e9a37b,2001,3,16.0,W
DR-1361-WA,1361,WA,DR,2001-03-01 00:00:00+00:00,2001,Earthquake,EARTHQUAKE,0,1,0,0,2001-02-28 00:00:00+00:00,2001-03-16 00:00:00+00:00,2022-10-28T00:00:00.000Z,0,53,59,99059,Skamania (County),1025,2001-06-30T00:00:00.000Z,2001022801,10,,2024-08-27T18:22:14.800Z,70573f94b29b047721784eab36530a1ffbba60b2,67390286-4a68-4b7f-8e7f-f2585e05b14a,2001,3,16.0,W
DR-1361-WA,1361,WA,DR,2001-03-01 00:00:00+00:00,2001,Earthquake,EARTHQUAKE,0,1,0,0,2001-02-28 00:00:00+00:00,2001-03-16 00:00:00+00:00,2022-10-28T00:00:00.000Z,0,53,69,99069,Wahkiakum (County),1025,2001-06-30T00:00:00.000Z,2001022801,10,,2024-08-27T18:22:14.800Z,2b8a486393d58edabfdaee66d7aec8dead49126b,6cdc966c-03a1-4d02-905f-70472c6d84a3,2001,3,16.0,W
DR-1361-WA,1361,WA,DR,2001-03-01 00:00:00+00:00,2001,Earthquake,EARTHQUAKE,0,1,0,0,2001-02-28 00:00:00+00:00,2001-03-16 00:00:00+00:00,2022-10-28T00:00:00.000Z,0,53,77,99077,Yakima (County),1025,2001-06-30T00:00:00.000Z,2001022801,10,,2024-08-27T18:22:14.800Z,c9fa094b2b1ad3e0871dcff29ca831f2b82d65b1,0abdfb17-3433-4b39-82d9-be4071526423,2001,3,16.0,W
DR-1361-WA,1361,WA,DR,2001-03-01 00:00:00+00:00,2001,Earthquake,EARTHQUAKE,0,1,1,0,2001-02-28 00:00:00+00:00,2001-03-16 00:00:00+00:00,2022-10-28T00:00:00.000Z,0,53,15,99015,Cowlitz (County),1025,2001-06-30T00:00:00.000Z,2001022801,10,,2024-08-27T18:22:14.800Z,859cdae78bbede3957e32f3e2a86e8ea1f830f13,2efa27ad-7e98-4d3c-bc2c-494cddbba62b,2001,3,16.0,W
DR-1361-WA,1361,WA,DR,2001-03-01 00:00:00+00:00,2001,Earthquake,EARTHQUAKE,0,1,1,0,2001-02-28 00:00:00+00:00,2001-03-16 00:00:00+00:00,2022-10-28T00:00:00.000Z,0,53,27,99027,Grays Harbor (County),1025,2001-06-30T00:00:00.000Z,2001022801,10,,2024-08-27T18:22:14.800Z,7d39c9980803a9414bff114a8e5efb50109131dc,2583d7d0-9d3c-4373-b885-a7185eb8368d,2001,3,16.0,W
DR-1361-WA,1361,WA,DR,2001-03-01 00:00:00+00:00,2001,Earthquake,EARTHQUAKE,0,1,1,0,2001-02-28 00:00:00+00:00,2001-03-16 00:00:00+00:00,2022-10-28T00:00:00.000Z,0,53,35,99035,Kitsap (County),1025,2001-06-30T00:00:00.000Z,2001022801,10,,2024-08-27T18:22:14.800Z,8c42aaf9b57c3bf345c6c65cfb38f8c7394c28dd,20a4eabe-b0c6-421c-9070-f74a88620658,2001,3,16.0,W
DR-1361-WA,1361,WA,DR,2001-03-01 00:00:00+00:00,2001,Earthquake,EARTHQUAKE,0,1,1,0,2001-02-28 00:00:00+00:00,2001-03-16 00:00:00+00:00,2022-10-28T00:00:00.000Z,0,53,41,99041,Lewis (County),1025,2001-06-30T00:00:00.000Z,2001022801,10,,2024-08-27T18:22:14.800Z,eeb5e643a4a7e9b54f078d0eb2237560c1e722ed,90b9e1d2-b865-4d1f-a176-03f82ecb8bae,2001,3,16.0,W
DR-1361-WA,1361,WA,DR,2001-03-01 00:00:00+00:00,2001,Earthquake,EARTHQUAKE,0,1,1,0,2001-02-28 00:00:00+00:00,2001-03-16 00:00:00+00:00,2022-10-28T00:00:00.000Z,0,53,45,99045,Mason (County),1025,2001-06-30T00:00:00.000Z,2001022801,10,,2024-08-27T18:22:14.800Z,9e0c2acdb23c1902d52c9603b201d38c5c903ddd,d20f16ae-81b9-4ad0-af30-99cdb54242d6,2001,3,16.0,W
DR-1361-WA,1361,WA,DR,2001-03-01 00:00:00+00:00,2001,Earthquake,EARTHQUAKE,0,1,1,0,2001-02-28 00:00:00+00:00,2001-03-16 00:00:00+00:00,2022-10-28T00:00:00.000Z,0,53,49,99049,Pacific (County),1025,2001-06-30T00:00:00.000Z,2001022801,10,,2024-08-27T18:22:14.800Z,bc217255b530818adf7354cba00fc6bf0abebd10,887cd529-3fb6-46c9-bc03-f9222500742d,2001,3,16.0,W
DR-1361-WA,1361,WA,DR,2001-03-01 00:00:00+00:00,2001,Earthquake,EARTHQUAKE,0,1,1,0,2001-02-28 00:00:00+00:00,2001-03-16 00:00:00+00:00,2022-10-28T00:00:00.000Z,0,53,53,99053,Pierce (County),1025,2001-06-30T00:00:00.000Z,2001022801,10,,2024-08-27T18:22:14.800Z,647b5abc99003fda2190e30b9a88653221c02d41,341eed1c-b2d2-4305-8998-86efbd706fcf,2001,3,16.0,W
DR-1361-WA,1361,WA,DR,2001-03-01 00:00:00+00:00,2001,Earthquake,EARTHQUAKE,0,1,1,0,2001-02-28 00:00:00+00:00,2001-03-16 00:00:00+00:00,2022-10-28T00:00:00.000Z,0,53,57,99057,Skagit (County),1025,2001-06-30T00:00:00.000Z,2001022801,10,,2024-08-27T18:22:14.800Z,7ce0706d9dda8781a39b2d74ef86f4d1b47db56e,37338de1-961c-4113-8452-fbd2e7ebb4c6,2001,3,16.0,W
DR-1361-WA,1361,WA,DR,2001-03-01 00:00:00+00:00,2001,Earthquake,EARTHQUAKE,0,1,1,0,2001-02-28 00:00:00+00:00,2001-03-16 00:00:00+00:00,2022-10-28T00:00:00.000Z,0,53,61,99061,Snohomish (County),1025,2001-06-30T00:00:00.000Z,2001022801,10,,2024-08-27T18:22:14.800Z,4665ee665f9584b860aa699c9fe6b1062dc9c42f,f66a4428-ada2-4a90-b9ad-df05a7bcf21e,2001,3,16.0,W
DR-1361-WA,1361,WA,DR,2001-03-01 00:00:00+00:00,2001,Earthquake,EARTHQUAKE,0,1,1,0,2001-02-28 00:00:00+00:00,2001-03-16 00:00:00+00:00,2022-10-28T00:00:00.000Z,0,53,67,99067,Thurston (County),1025,2001-06-30T00:00:00.000Z,2001022801,10,,2024-08-27T18:22:14.800Z,4b20724595ed089696bf3cdc013e174697cd07a3,802ce2a4-1bfc-40c8-939b-c808f05b2c35,2001,3,16.0,W
DR-1361-WA,1361,WA,DR,2001-03-01 00:00:00+00:00,2001,Earthquake,EARTHQUAKE,0,1,1,1,2001-02-28 00:00:00+00:00,2001-03-16 00:00:00+00:00,2022-10-28T00:00:00.000Z,0,53,9,99009,Clallam (County),1025,2001-06-30T00:00:00.000Z,2001022801,10,,2024-08-27T18:22:14.800Z,446acd1e71dc32eea697cec3dcc8ef0cca232f55,b12eee2c-91fb-4303-8d3a-c9eb38035f31,2001,3,16.0,W
DR-1361-WA,1361,WA,DR,2001-03-01 00:00:00+00:00,2001,Earthquake,EARTHQUAKE,0,1,1,1,2001-02-28 00:00:00+00:00,2001-03-16 00:00:00+00:00,2022-10-28T00:00:00.000Z,0,53,33,99033,King (County),1025,2001-06-30T00:00:00.000Z,2001022801,10,,2024-08-27T18:22:14.800Z,8295c257cd0b7e9aa689c1d7f47848becebc1cd0,abdf0aea-b181-4537-b6be-eef084512397,2001,3,16.0,W
DR-1361-WA,1361,WA,DR,2001-03-01 00:00:00+00:00,2001,Earthquake,EARTHQUAKE,0,1,1,1,2001-02-28 00:00:00+00:00,2001-03-16 00:00:00+00:00,2022-10-28T00:00:00.000Z,0,53,73,99073,Whatcom (County),1025,2001-06-30T00:00:00.000Z,2001022801,10,,2024-08-27T18:22:14.800Z,18af982414f75e3f4e5fe647d8a4888c5e340c40,e9cd3b1e-2f52-45b7-a957-bf3403bfcfaa,2001,3,16.0,W
DR-1342-CA,1342,CA,DR,2000-09-14 00:00:00+00:00,2000,Earthquake,EARTHQUAKE,0,1,0,1,2000-09-03 00:00:00+00:00,2000-09-03 00:00:00+00:00,2010-08-04T00:00:00.000Z,0,6,55,99055,Napa (County),141,2000-11-30T00:00:00.000Z,2000090301,9,,2024-08-27T18:22:14.800Z,783f180e899b0635fa192dda2e9e4c1d147d2c0c,17283d37-df3c-43e5-9f9c-8991df8ecbad,2000,9,0.0,W
DR-1008-CA,1008,CA,DR,1994-01-17 00:00:00+00:00,1994,Earthquake, NORTHRIDGE EARTHQUAKE,0,1,1,0,1994-01-17 00:00:00+00:00,1994-11-30 00:00:00+00:00,2017-09-29T00:00:00.000Z,0,6,37,99037,Los Angeles (County),94003,,94003,9,,2024-08-27T18:22:14.800Z,d8d086e57d5539f4f2d85c98030c63e484aa4b64,074f5233-ee2e-4a17-b665-887ab880f6fd,1994,1,317.0,W
DR-1008-CA,1008,CA,DR,1994-01-17 00:00:00+00:00,1994,Earthquake, NORTHRIDGE EARTHQUAKE,0,1,1,0,1994-01-17 00:00:00+00:00,1994-11-30 00:00:00+00:00,2017-09-29T00:00:00.000Z,0,6,59,99059,Orange (County),94003,,94003,9,,2024-08-27T18:22:14.800Z,fd92a9c19a6d4a0a6d3fe205cbdc273b92d1ff79,13dabb6c-be46-4830-9aa8-f2b7938f1f4e,1994,1,317.0,W
DR-1008-CA,1008,CA,DR,1994-01-17 00:00:00+00:00,1994,Earthquake, NORTHRIDGE EARTHQUAKE,0,1,1,0,1994-01-17 00:00:00+00:00,1994-11-30 00:00:00+00:00,2017-09-29T00:00:00.000Z,0,6,111,99111,Ventura (County),94003,,94003,9,,2024-08-27T18:22:14.800Z,86ee50f95954c07a613f26899bc565ff6b88fbc6,1304c2db-f0ef-4c85-8d80-bebb1f8cae8a,1994,1,317.0,W
DR-1004-OR,1004,OR,DR,1993-10-15 00:00:00+00:00,1994,Earthquake,EARTHQUAKES,0,0,1,0,1993-09-20 00:00:00+00:00,1993-09-20 00:00:00+00:00,2010-02-17T00:00:00.000Z,0,41,35,99035,Klamath (County),93063,,93063,10,,2024-08-27T18:22:14.800Z,b508d3f44044c62aa6826a4fa1402b0d17955554,656beb4d-6f9e-485a-a18e-ffb911c6034c,1993,10,0.0,W
DR-985-OR,985,OR,DR,1993-04-26 00:00:00+00:00,1993,Earthquake,EARTHQUAKE,0,0,1,0,1993-03-25 00:00:00+00:00,1993-03-25 00:00:00+00:00,2001-03-16T00:00:00.000Z,0,41,5,99005,Clackamas (County),93044,,93044,10,,2024-08-27T18:22:14.800Z,33bb920ee84585abb92c99529e7c9a595993a4b3,b4e695be-1d4c-419b-8e17-45efa8896db9,1993,4,0.0,W
DR-985-OR,985,OR,DR,1993-04-26 00:00:00+00:00,1993,Earthquake,EARTHQUAKE,0,0,1,0,1993-03-25 00:00:00+00:00,1993-03-25 00:00:00+00:00,2001-03-16T00:00:00.000Z,0,41,47,99047,Marion (County),93044,,93044,10,,2024-08-27T18:22:14.800Z,80b30a738bda7df1064c4c371e4936013bb699de,3cdb499c-5764-47ff-8636-2de55a2c2c0c,1993,4,0.0,W
DR-985-OR,985,OR,DR,1993-04-26 00:00:00+00:00,1993,Earthquake,EARTHQUAKE,0,0,1,0,1993-03-25 00:00:00+00:00,1993-03-25 00:00:00+00:00,2001-03-16T00:00:00.000Z,0,41,67,99067,Washington (County),93044,,93044,10,,2024-08-27T18:22:14.800Z,5c8da338465b75c83ba9f297d2e7129090fd8e81,70960e80-8df5-49d3-adac-d72b418eeafc,1993,4,0.0,W
DR-985-OR,985,OR,DR,1993-04-26 00:00:00+00:00,1993,Earthquake,EARTHQUAKE,0,0,1,0,1993-03-25 00:00:00+00:00,1993-03-25 00:00:00+00:00,2001-03-16T00:00:00.000Z,0,41,71,99071,Yamhill (County),93044,,93044,10,,2024-08-27T18:22:14.800Z,8daa730b8e4dcd0a298715a077aebb71a09298b8,92d8ba46-423a-43ad-be07-a6ff7a67f1b5,1993,4,0.0,W
DR-947-CA,947,CA,DR,1992-07-02 00:00:00+00:00,1992,Earthquake,EARTHQUAKE & AFTERSHOCKS,0,1,1,0,1992-06-28 00:00:00+00:00,1992-10-31 00:00:00+00:00,2010-08-06T00:00:00.000Z,0,6,65,99065,Riverside (County),92023,,92023,9,,2024-08-27T18:22:14.800Z,2d41bc7fa8733bf9e3c54ad2df21d8a84afa501b,fa9d59e6-0526-4925-ad86-db4db7dc5dcf,1992,7,125.0,W
DR-947-CA,947,CA,DR,1992-07-02 00:00:00+00:00,1992,Earthquake,EARTHQUAKE & AFTERSHOCKS,0,1,1,0,1992-06-28 00:00:00+00:00,1992-10-31 00:00:00+00:00,2010-08-06T00:00:00.000Z,0,6,71,99071,San Bernardino (County),92023,,92023,9,,2024-08-27T18:22:14.800Z,dbceec80d0a56667640fade8ce56927cba8c1030,fef651db-dda4-42ba-86df-d4733b4eda47,1992,7,125.0,W
DR-943-CA,943,CA,DR,1992-05-04 00:00:00+00:00,1992,Earthquake,EARTHQUAKE & AFTERSHOCKS,0,1,1,0,1992-04-25 00:00:00+00:00,1992-05-25 00:00:00+00:00,2010-08-09T00:00:00.000Z,0,6,23,99023,Humboldt (County),92014,,92014,9,,2024-08-27T18:22:14.800Z,7b4bb815dfc45a33521246b0e8c056e918f25d69,eec631be-81d1-4c33-af7b-cc789a2780b5,1992,5,30.0,W
DR-845-CA,845,CA,DR,1989-10-18 00:00:00+00:00,1990,Earthquake,LOMA PRIETA EARTHQUAKE,0,1,1,0,1989-10-17 00:00:00+00:00,1989-12-18 00:00:00+00:00,2011-02-10T00:00:00.000Z,0,6,1,99001,Alameda (County),89043,,89043,9,,2024-08-27T18:22:14.800Z,893d7971e67ef1168b363b7d7d3ed2fe040f3ea4,9418e511-b776-46de-a611-8feed338ddb9,1989,10,62.0,W
DR-845-CA,845,CA,DR,1989-10-18 00:00:00+00:00,1990,Earthquake,LOMA PRIETA EARTHQUAKE,0,1,1,0,1989-10-17 00:00:00+00:00,1989-12-18 00:00:00+00:00,2011-02-10T00:00:00.000Z,0,6,13,99013,Contra Costa (County),89043,,89043,9,,2024-08-27T18:22:14.800Z,d013d500ed48ea5a807765d399902aa84bd9f2e8,17e5490d-0fd1-4faa-ac09-8080f574433a,1989,10,62.0,W
DR-845-CA,845,CA,DR,1989-10-18 00:00:00+00:00,1990,Earthquake,LOMA PRIETA EARTHQUAKE,0,1,1,0,1989-10-17 00:00:00+00:00,1989-12-18 00:00:00+00:00,2011-02-10T00:00:00.000Z,0,6,41,99041,Marin (County),89043,,89043,9,,2024-08-27T18:22:14.800Z,97d7cfd4bb2700798348c8fe867fae334c46086c,ff17633f-f6e4-40f6-a360-a37db684eab0,1989,10,62.0,W
DR-845-CA,845,CA,DR,1989-10-18 00:00:00+00:00,1990,Earthquake,LOMA PRIETA EARTHQUAKE,0,1,1,0,1989-10-17 00:00:00+00:00,1989-12-18 00:00:00+00:00,2011-02-10T00:00:00.000Z,0,6,53,99053,Monterey (County),89043,,89043,9,,2024-08-27T18:22:14.800Z,3b854aa89395c1b82941d4bf9beb603384c7e46c,11347f25-ca90-433b-847b-86f50539898c,1989,10,62.0,W
DR-845-CA,845,CA,DR,1989-10-18 00:00:00+00:00,1990,Earthquake,LOMA PRIETA EARTHQUAKE,0,1,1,0,1989-10-17 00:00:00+00:00,1989-12-18 00:00:00+00:00,2011-02-10T00:00:00.000Z,0,6,67,99067,Sacramento (County),89043,,89043,9,,2024-08-27T18:22:14.800Z,a096ec76fc051b24830786ec19fe5c536f811712,7acbf510-63cf-4114-9623-bfc6b0c5f27f,1989,10,62.0,W
DR-845-CA,845,CA,DR,1989-10-18 00:00:00+00:00,1990,Earthquake,LOMA PRIETA EARTHQUAKE,0,1,1,0,1989-10-17 00:00:00+00:00,1989-12-18 00:00:00+00:00,2011-02-10T00:00:00.000Z,0,6,69,99069,San Benito (County),89043,,89043,9,,2024-08-27T18:22:14.800Z,b3b891a553ca4de4f1ca800a6f6b54a5b4e79527,bc79d713-62cb-4ac4-a3ab-17e03f4d2b2b,1989,10,62.0,W
DR-845-CA,845,CA,DR,1989-10-18 00:00:00+00:00,1990,Earthquake,LOMA PRIETA EARTHQUAKE,0,1,1,0,1989-10-17 00:00:00+00:00,1989-12-18 00:00:00+00:00,2011-02-10T00:00:00.000Z,0,6,75,99075,San Francisco (County),89043,,89043,9,,2024-08-27T18:22:14.800Z,b83a5d8fcbb2b02dff684eede6ca940451122fe1,37c533e0-044f-4fdf-a578-0563f8176d4f,1989,10,62.0,W
DR-845-CA,845,CA,DR,1989-10-18 00:00:00+00:00,1990,Earthquake,LOMA PRIETA EARTHQUAKE,0,1,1,0,1989-10-17 00:00:00+00:00,1989-12-18 00:00:00+00:00,2011-02-10T00:00:00.000Z,0,6,77,99077,San Joaquin (County),89043,,89043,9,,2024-08-27T18:22:14.800Z,0699b5aa89a0ce70875ae75ef8596c8bcbad1fb3,53bf9f70-f884-4ccb-ac36-940d770a3415,1989,10,62.0,W
DR-845-CA,845,CA,DR,1989-10-18 00:00:00+00:00,1990,Earthquake,LOMA PRIETA EARTHQUAKE,0,1,1,0,1989-10-17 00:00:00+00:00,1989-12-18 00:00:00+00:00,2011-02-10T00:00:00.000Z,0,6,81,99081,San Mateo (County),89043,,89043,9,,2024-08-27T18:22:14.800Z,9558f726d3e7dd4d5feaebd6625fc28fbf75689f,42bdb571-a27b-4d3c-a41f-169ca6ac514c,1989,10,62.0,W
DR-845-CA,845,CA,DR,1989-10-18 00:00:00+00:00,1990,Earthquake,LOMA PRIETA EARTHQUAKE,0,1,1,0,1989-10-17 00:00:00+00:00,1989-12-18 00:00:00+00:00,2011-02-10T00:00:00.000Z,0,6,85,99085,Santa Clara (County),89043,,89043,9,,2024-08-27T18:22:14.800Z,8f9c1534510e12df7576be6b3482e4b54c90efe8,02a8cb5d-4ea9-4cb1-8484-80c42a64ed63,1989,10,62.0,W
DR-845-CA,845,CA,DR,1989-10-18 00:00:00+00:00,1990,Earthquake,LOMA PRIETA EARTHQUAKE,0,1,1,0,1989-10-17 00:00:00+00:00,1989-12-18 00:00:00+00:00,2011-02-10T00:00:00.000Z,0,6,87,99087,Santa Cruz (County),89043,,89043,9,,2024-08-27T18:22:14.800Z,fd23710309c2f7a662cdc295f2e8093b9164c3f3,b34eda09-c48a-41e2-b47e-4e827033ab2c,1989,10,62.0,W
DR-845-CA,845,CA,DR,1989-10-18 00:00:00+00:00,1990,Earthquake,LOMA PRIETA EARTHQUAKE,0,1,1,0,1989-10-17 00:00:00+00:00,1989-12-18 00:00:00+00:00,2011-02-10T00:00:00.000Z,0,6,95,99095,Solano (County),89043,,89043,9,,2024-08-27T18:22:14.800Z,39d4c7680330c138757664c835c1ca28a53d8ac8,7112a666-0ea8-475d-95b6-5768f1d63185,1989,10,62.0,W
DR-799-CA,799,CA,DR,1987-10-07 00:00:00+00:00,1988,Earthquake,EARTHQUAKE & AFTERSHOCKS,0,1,0,0,1987-10-01 00:00:00+00:00,1987-11-20 00:00:00+00:00,2000-09-07T00:00:00.000Z,0,6,59,99059,Orange (County),87028,,87028,9,,2024-08-27T18:22:14.800Z,0a8af37404ae2092af15056fca34c5dfd41e57a9,8e823868-fb90-432e-9985-5cc237744ec7,1987,10,50.0,W
DR-799-CA,799,CA,DR,1987-10-07 00:00:00+00:00,1988,Earthquake,EARTHQUAKE & AFTERSHOCKS,0,1,1,0,1987-10-01 00:00:00+00:00,1987-11-20 00:00:00+00:00,2000-09-07T00:00:00.000Z,0,6,37,99037,Los Angeles (County),87028,,87028,9,,2024-08-27T18:22:14.800Z,f771551895f03d64b64841a6d26b5c57f6a4d092,b379e9f4-0d56-46eb-b1c5-e14a6917eb22,1987,10,50.0,W
DR-694-ID,694,ID,DR,1983-11-18 00:00:00+00:00,1984,Earthquake,EARTHQUAKE,0,0,1,0,1983-10-28 00:00:00+00:00,1984-01-25 00:00:00+00:00,1988-05-06T00:00:00.000Z,0,16,47,99047,Gooding (County),84005,,84005,10,,2024-08-27T18:22:14.800Z,9fdba19821c32d13404c27a44d53227309038b1a,b0393aa5-251a-4289-b191-35914105435f,1983,11,89.0,W
DR-694-ID,694,ID,DR,1983-11-18 00:00:00+00:00,1984,Earthquake,EARTHQUAKE,0,1,1,0,1983-10-28 00:00:00+00:00,1984-01-25 00:00:00+00:00,1988-05-06T00:00:00.000Z,0,16,23,99023,Butte (County),84005,,84005,10,,2024-08-27T18:22:14.800Z,126ac149b1176b3bc589b91102473dd49fe53815,193f1970-945e-41f8-bc45-09746fa215a7,1983,11,89.0,W
DR-694-ID,694,ID,DR,1983-11-18 00:00:00+00:00,1984,Earthquake,EARTHQUAKE,0,1,1,0,1983-10-28 00:00:00+00:00,1984-01-25 00:00:00+00:00,1988-05-06T00:00:00.000Z,0,16,37,99037,Custer (County),84005,,84005,10,,2024-08-27T18:22:14.800Z,3f82cebc2565cf31e917a484966b044882116cfb,8ed90808-72db-4e8a-bde1-f44660c772fa,1983,11,89.0,W
DR-682-CA,682,CA,DR,1983-05-05 00:00:00+00:00,1983,Earthquake,COALINGA EARTHQUAKE,0,1,0,0,1983-05-05 00:00:00+00:00,1983-05-05 00:00:00+00:00,1989-10-03T00:00:00.000Z,0,6,31,99031,Kings (County),83028,,83028,9,,2024-08-27T18:22:14.800Z,ff5436ec768fed9f354a26d61ba288b0f756dff9,b9e2fab7-8aef-480f-8a94-2e5bf1eb7d35,1983,5,0.0,W
DR-609-CA,609,CA,DR,1979-10-19 00:00:00+00:00,1980,Earthquake,EARTHQUAKE,0,1,1,0,1979-10-19 00:00:00+00:00,1979-10-19 00:00:00+00:00,1988-03-17T00:00:00.000Z,0,6,25,99025,Imperial (County),80002,,80002,9,,2024-08-27T18:22:14.800Z,574f04d67caa3077e9fc74bf11d5ea944603b4b0,c3f8647c-12f1-43f2-bf86-240fd9689268,1979,10,0.0,W
DR-490-HI,490,HI,DR,1975-12-07 00:00:00+00:00,1976,Earthquake,"EARTHQUAKE, SEISMIC WAVES & VOLCANIC ERUPTION",0,1,1,0,1975-12-07 00:00:00+00:00,1975-12-07 00:00:00+00:00,1979-09-10T00:00:00.000Z,0,15,1,99001,Hawaii (County),76026,,76026,9,V,2024-08-27T18:22:14.800Z,0860d18aee2f0acfcaeb8638f105a7df37b88284,07ee213b-3a6c-4d0d-bbc0-e46f4ff55189,1975,12,0.0,W
DR-383-HI,383,HI,DR,1973-05-16 00:00:00+00:00,1973,Earthquake,EARTHQUAKE,0,0,1,0,1973-05-16 00:00:00+00:00,1973-05-16 00:00:00+00:00,1977-03-07T00:00:00.000Z,0,15,1,99001,Hawaii (County),73044,,73044,9,,2024-08-27T18:22:14.800Z,8a2d757927024c4dd51274ac7086a5d3717a1ff4,2144c12a-7449-4810-9cd0-74976d515796,1973,5,0.0,W
DR-299-CA,299,CA,DR,1971-02-09 00:00:00+00:00,1971,Earthquake,SAN FERNANDO EARTHQUAKE,0,1,1,0,1971-02-09 00:00:00+00:00,1971-02-09 00:00:00+00:00,1990-10-30T00:00:00.000Z,0,6,37,99037,Los Angeles (County),71022,,71022,9,,2024-08-27T18:22:14.800Z,86f0ff3ed59d6bd1f95a785a83d62e1a99c19899,37130277-8cdf-4637-942d-561b9f42e82e,1971,2,0.0,W
DR-196-WA,196,WA,DR,1965-05-11 00:00:00+00:00,1965,Earthquake,EARTHQUAKE,0,1,1,0,1965-05-11 00:00:00+00:00,1965-05-11 00:00:00+00:00,1968-12-17T00:00:00.000Z,0,53,33,99033,King (County),65022,,65022,10,,2024-08-27T18:22:14.800Z,10d71cb4e63559ecc7441406074609868905b806,bda5cb87-eb34-48b3-b871-3ad38978ebba,1965,5,0.0,W
DR-196-WA,196,WA,DR,1965-05-11 00:00:00+00:00,1965,Earthquake,EARTHQUAKE,0,1,1,0,1965-05-11 00:00:00+00:00,1965-05-11 00:00:00+00:00,1968-12-17T00:00:00.000Z,0,53,35,99035,Kitsap (County),65022,,65022,10,,2024-08-27T18:22:14.800Z,6b2b5a72470c4673a357cb1dd4ead5f565fbeca7,cdb7ae88-f07a-4221-a0ac-2825d03797f8,1965,5,0.0,W
DR-196-WA,196,WA,DR,1965-05-11 00:00:00+00:00,1965,Earthquake,EARTHQUAKE,0,1,1,0,1965-05-11 00:00:00+00:00,1965-05-11 00:00:00+00:00,1968-12-17T00:00:00.000Z,0,53,45,99045,Mason (County),65022,,65022,10,,2024-08-27T18:22:14.800Z,be346b907e5533b1458dc74f21cbac2fa9c7132f,3ce7bc56-6af2-47ba-94f2-1291ee21bbc7,1965,5,0.0,W
DR-196-WA,196,WA,DR,1965-05-11 00:00:00+00:00,1965,Earthquake,EARTHQUAKE,0,1,1,0,1965-05-11 00:00:00+00:00,1965-05-11 00:00:00+00:00,1968-12-17T00:00:00.000Z,0,53,53,99053,Pierce (County),65022,,65022,10,,2024-08-27T18:22:14.800Z,8a30d3e77e06c7cbc238a689eca18edf5e21e9ae,833d782c-c50e-4a9b-96ae-5adb29f88468,1965,5,0.0,W
DR-196-WA,196,WA,DR,1965-05-11 00:00:00+00:00,1965,Earthquake,EARTHQUAKE,0,1,1,0,1965-05-11 00:00:00+00:00,1965-05-11 00:00:00+00:00,1968-12-17T00:00:00.000Z,0,53,61,99061,Snohomish (County),65022,,65022,10,,2024-08-27T18:22:14.800Z,0e389065b9a2fd0d03ec52f787a67efd23179325,ea516f30-e8f7-45f8-a5c8-9ee44eb033ed,1965,5,0.0,W
DR-196-WA,196,WA,DR,1965-05-11 00:00:00+00:00,1965,Earthquake,EARTHQUAKE,0,1,1,0,1965-05-11 00:00:00+00:00,1965-05-11 00:00:00+00:00,1968-12-17T00:00:00.000Z,0,53,67,99067,Thurston (County),65022,,65022,10,,2024-08-27T18:22:14.800Z,2da3e6b3e48c59cf878925bedf81734c98ee1b32,21ca0a01-eb9a-46c2-99ca-29158dc98182,1965,5,0.0,W
DR-168-AK,168,AK,DR,1964-03-28 00:00:00+00:00,1964,Earthquake,EARTHQUAKE,0,1,1,1,1964-03-28 00:00:00+00:00,1964-03-28 00:00:00+00:00,1971-06-17T00:00:00.000Z,0,2,0,0,Statewide,64015,,64015,10,,2024-08-27T18:22:14.800Z,4ab30e317c3672060e315922b972311ec0714ff9,6fba469d-7108-4c1e-b82d-60548ede4178,1964,3,0.0,W
DR-96-HI,96,HI,DR,1960-01-21 00:00:00+00:00,1960,Earthquake,EARTHQUAKES & VOLCANIC DISTURBANCES,0,1,1,1,1960-01-21 00:00:00+00:00,1960-01-21 00:00:00+00:00,1961-06-09T00:00:00.000Z,0,15,0,0,Statewide,60014,,60014,9,V,2024-08-27T18:22:14.800Z,ee92b00301e71aa5a7cf9b2b8948a886a9dbacdb,731f9a85-bc42-4f4e-bc64-c69b2f22481e,1960,1,0.0,W
DR-19-NV,19,NV,DR,1954-07-14 00:00:00+00:00,1954,Earthquake,EARTHQUAKE,0,1,1,1,1954-07-14 00:00:00+00:00,1954-07-14 00:00:00+00:00,1957-08-01T00:00:00.000Z,0,32,0,0,Statewide,54010,,54010,9,,2024-08-27T18:22:14.800Z,78f21b21ca02c51a4e55275c58577c2b650b735d,afa847c6-f72c-46bb-a604-0ad57bb18682,1954,7,0.0,W
